aut_item,prompt_condition,trial_no,idx,examples,output_responses,n_examples,temperature,frequency_penalty,presence_penalty,ideas,response,response_id
box,zero_limit,334,0,[],"1. Cat castle playhouse hideout.
2. DIY cardboard race car track.
3. Box guitar for jamming out.
4. Turn into a mini garden planter.",0,0.7000000000000001,1.5,1.0,diy cardboard race car track.,diy cardboard race car track.,ai_seed0
box,zero_limit,388,0,[],"1. Box car for kids' playtime.
2. Box fort for indoor camping.
3. Pet bed made from box.
4. Gift wrapping station with boxes.",0,0.7000000000000001,1.5,1.0,box car for kids' playtime.,box car for kids' playtime.,ai_seed1
box,zero_limit,766,0,[],"1. Box maze for pet rats.
2. Cardboard laptop stand DIY.
3. Solar oven made from box.
4. Miniature cardboard cityscape display.",0,0.7000000000000001,1.5,1.0,solar oven made from box.,solar oven made from box.,ai_seed2
box,zero_limit,100,0,[],"1. Portable mini garden bed
2. Homemade cat scratcher station
3. DIY cardboard playhouse for kids
4. Unique gift wrapping container",0,0.7000000000000001,1.5,1.0,unique gift wrapping container,unique gift wrapping container,ai_seed3
box,zero_limit,35,0,[],"1. Box car derby racer.
2. Portable mini-garden container.
3. DIY cardboard castle playhouse.
4. Transform into a retro TV set costume for Halloween or cosplay purposes",0,0.7000000000000001,1.5,1.0,transform into a retro tv set costume for halloween or cosplay purposes,transform into a retro tv set costume for halloween or cosplay purposes,ai_seed4
box,zero_limit,249,0,[],"1. Box as a mini garden.
2. Box as a puppet theater.
3. Box as a cat playground.
4. Box as an art canvas.",0,0.7000000000000001,1.5,1.0,box as a mini garden.,box as a mini garden.,ai_seed5
box,zero_limit,355,0,[],"1. Box fort for indoor camping.
2. Transform into a pet bed.
3. Create a cardboard sled.
4. Make a DIY mailbox sculpture.",0,0.7000000000000001,1.5,1.0,create a cardboard sled.,create a cardboard sled.,ai_seed6
box,zero_limit,148,0,[],"1. Box turned into a puppet stage.
2. Box made into a mini garden.
3. Use box to create DIY furniture.
4. Transform box into an art canvas",0,0.7000000000000001,1.5,1.0,box turned into a puppet stage.,box turned into a puppet stage.,ai_seed7
box,zero_limit,516,0,[],"1. Box fort for indoor camping.
2. DIY cat house with box.
3. Transform into a puppet theater.
4. Create a cardboard race car.",0,0.7000000000000001,1.5,1.0,diy cat house with box.,diy cat house with box.,ai_seed8
box,zero_limit,962,0,[],"1. Box car derby racer.
2. Cat playhouse hideaway fort.
3. DIY cardboard furniture pieces.
4. Personalized gift wrapping station organizer.",0,0.7000000000000001,1.5,1.0,personalized gift wrapping station organizer.,personalized gift wrapping station organizer.,ai_seed9
box,zero_limit,137,0,[],"1. ""DIY Cat Castle"": Stack and cut boxes for feline fun.
2. ""Mini Garden Bed"": Fill box with soil, plant seeds.
3. ""Cardboard Car Wash"": Cut out windows, spray with hose.
4. ""Boxing Ring Costume"": Wear as ring-themed Halloween outfit.",0,0.7000000000000001,1.5,1.0,"""mini garden bed"": fill box with soil, plant seeds.","mini garden bed: fill box with soil, plant seeds.",ai_seed10
box,zero_limit,445,0,[],"1. ""Boxed in"" art display.
2. DIY cardboard furniture set.
3. Box maze for pet rats.
4. Make a box car costume.",0,0.7000000000000001,1.5,1.0,"""boxed in"" art display.",boxed in art display.,ai_seed11
box,zero_limit,306,0,[],"1. Box puppet theater for kids.
2. DIY cardboard cat castle.
3. Portable mini-garden planter box.
4. Customized box photo booth backdrop.",0,0.7000000000000001,1.5,1.0,diy cardboard cat castle.,diy cardboard cat castle.,ai_seed12
box,zero_limit,400,0,[],"1. Box house for pets.
2. DIY cardboard play kitchen.
3. Personalized treasure chest storage.
4. Customizable cardboard photo booth backdrop.",0,0.7000000000000001,1.5,1.0,box house for pets.,box house for pets.,ai_seed13
box,zero_limit,100,0,[],"1. Portable mini garden bed
2. Homemade cat scratcher station
3. DIY cardboard playhouse for kids
4. Unique gift wrapping container",0,0.7000000000000001,1.5,1.0,homemade cat scratcher station,homemade cat scratcher station,ai_seed14
box,zero_limit,458,0,[],"1. A cat's own personal castle.
2. A makeshift sled for winter fun.
3. Cut out and create art.
4. Make a DIY cardboard car.",0,0.7000000000000001,1.5,1.0,make a diy cardboard car.,make a diy cardboard car.,ai_seed15
box,zero_limit,887,0,[],"1. ""Box of Dreams"" - Fill a box with inspirational quotes, small gifts and mementos to help someone achieve their dreams.
2. ""Mystery Box"" - Decorate an empty box and fill it with random objects for people to guess the purpose of.
3. ""Plant Box"" - Transform a cardboard box into a mini garden by filling it with soil, plants, and flowers.
4. ""Memory Keeper"" - Create a keepsake memory box filled with items that represent special moments in life such as photos, letters or trinkets from trips",0,0.7000000000000001,1.5,1.0,"""box of dreams"" - fill a box with inspirational quotes, small gifts and mementos to help someone achieve their dreams.","box of dreams - fill a box with inspirational quotes, small gifts and mementos to help someone achieve their dreams.",ai_seed16
box,zero_limit,879,0,[],"1. Portable mini-garden for herbs.
2. A DIY cardboard playhouse castle.
3. Storage container turned cat bed.
4. Box maze obstacle course game.",0,0.7000000000000001,1.5,1.0,portable mini-garden for herbs.,portable mini-garden for herbs.,ai_seed17
box,zero_limit,826,0,[],"1. Cat castle: A multi-level cardboard fortress for your feline friend.
2. DIY camera obscura: Transform a box into an old-fashioned photo projector.
3. Boxed garden bed: Use it as the base for a raised garden in small spaces.
4. Cardboard arcade game: Build and play your own miniature game of skee-ball or pinball machine using boxes and other materials!",0,0.7000000000000001,1.5,1.0,diy camera obscura: transform a box into an old-fashioned photo projector.,diy camera obscura: transform a box into an old-fashioned photo projector.,ai_seed18
box,zero_limit,227,0,[],"1. A cat's personal playhouse.
2. Decorative storage for small items.
3. Turned into a miniature garden.
4. DIY cardboard photo booth backdrop.",0,0.7000000000000001,1.5,1.0,decorative storage for small items.,decorative storage for small items.,ai_seed19
box,zero_limit,303,0,[],"1. Secret hiding place for treasures.
2. Transform into a puppet theater.
3. DIY cat playhouse or bed.
4. Create a miniature cityscape diorama.",0,0.7000000000000001,1.5,1.0,diy cat playhouse or bed.,diy cat playhouse or bed.,ai_seed20
box,zero_limit,443,0,[],"1. A box as a mini-garden.
2. Box-shaped birdhouse for backyard.
3. A cardboard castle playset.
4. DIY cardboard maze game board.",0,0.7000000000000001,1.5,1.0,a box as a mini-garden.,a box as a mini-garden.,ai_seed21
box,zero_limit,463,0,[],"1. Secret hideaway for kids.
2. DIY cat castle tower.
3. Artistic flower planter display.
4. Homemade cardboard fort fortress.",0,0.7000000000000001,1.5,1.0,homemade cardboard fort fortress.,homemade cardboard fort fortress.,ai_seed22
box,zero_limit,464,0,[],"1. ""Box of Dreams"" - A box filled with notes describing your wildest dreams and aspirations.
2. ""Mystery Box"" - A box filled with random objects that can be used to inspire creativity or as a guessing game.
3. ""Invisible Art Gallery"" - Use boxes to create an invisible wall installation where the art is on display inside the boxes.
4. ""DIY Playhouse"" - Turn a large cardboard box into a playhouse for kids, complete with windows, doors, and decorations they can add themselves!",0,0.7000000000000001,1.5,1.0,"""mystery box"" - a box filled with random objects that can be used to inspire creativity or as a guessing game.",mystery box - a box filled with random objects that can be used to inspire creativity or as a guessing game.,ai_seed23
box,zero_limit,417,0,[],"1. A cat castle or fort.
2. A DIY photo booth prop.
3. Create a miniature garden display.
4. Use as a gift wrapping alternative.",0,0.7000000000000001,1.5,1.0,a diy photo booth prop.,a diy photo booth prop.,ai_seed24
box,zero_limit,467,0,[],"1. Box car derby racer.
2. Cardboard robot costume parts.
3. DIY cat playhouse hideout.
4. Portable cardboard fort builder set.",0,0.7000000000000001,1.5,1.0,cardboard robot costume parts.,cardboard robot costume parts.,ai_seed25
box,zero_limit,799,0,[],"1. Box car derby racer.
2. DIY cardboard playhouse castle.
3. Portable indoor herb garden container.
4. Personalized gift wrapping station organizer.",0,0.7000000000000001,1.5,1.0,portable indoor herb garden container.,portable indoor herb garden container.,ai_seed26
box,zero_limit,798,0,[],"1. Box puppet theater for kids.
2. Cardboard maze for small pets.
3. DIY cat castle or fort.
4. Customized cardboard photo booth backdrop.",0,0.7000000000000001,1.5,1.0,cardboard maze for small pets.,cardboard maze for small pets.,ai_seed27
box,zero_limit,998,0,[],"1. ""Boxed up memories"" - Use the box to store sentimental items and mementos in a unique way.
2. ""Boxed garden bed"" - Turn the box into a raised garden bed for herbs or small plants.
3. ""Cardboard castle kit"" - Create a DIY castle playset by cutting and decorating the box with paint, markers, or stickers.
4. ""Cat condo crate"" - Transform the box into an elaborate cat playground with various levels and openings for your furry friend to explore.",0,0.7000000000000001,1.5,1.0,"""boxed up memories"" - use the box to store sentimental items and mementos in a unique way.",boxed up memories - use the box to store sentimental items and mementos in a unique way.,ai_seed28
box,zero_limit,825,0,[],"1. Box as a mini-garden.
2. Transform the box into art.
3. Use the box to build furniture.
4. Create a cat playhouse with boxes",0,0.7000000000000001,1.5,1.0,create a cat playhouse with boxes,create a cat playhouse with boxes,ai_seed29
box,zero_limit,661,0,[],"1. ""Box Robot"" - Create a robot costume out of a box.
2. ""Box Garden"" - Use boxes as planters for an urban garden.
3. ""Box Maze"" - Build a maze out of cardboard boxes for kids to play in.
4. ""Box DJ Booth"" - Make a makeshift DJ booth with stacked and decorated boxes at your next party!",0,0.7000000000000001,1.5,1.0,"""box maze"" - build a maze out of cardboard boxes for kids to play in.",box maze - build a maze out of cardboard boxes for kids to play in.,ai_seed30
box,zero_limit,789,0,[],"1. A cat's cozy new home.
2. A DIY pinhole camera kit.
3. An imaginative spaceship simulator.
4. A miniature indoor garden bed.",0,0.7000000000000001,1.5,1.0,a miniature indoor garden bed.,a miniature indoor garden bed.,ai_seed31
box,zero_limit,31,0,[],"1. Box car derby racer.
2. Painted treasure chest prop.
3. Cat castle playhouse tower.
4. DIY cardboard photo booth backdrop.",0,0.7000000000000001,1.5,1.0,box car derby racer.,box car derby racer.,ai_seed32
box,zero_limit,448,0,[],"1. Secret hideaway for kids.
2. DIY birdhouse or feeder.
3. Personalized shadow puppet theater.
4. Custom cat playhouse or bed.",0,0.7000000000000001,1.5,1.0,diy birdhouse or feeder.,diy birdhouse or feeder.,ai_seed33
box,zero_limit,201,0,[],"1. Box maze for your cat.
2. DIY cardboard furniture pieces.
3. Create a box puppet theater.
4. Decorate and use as storage.",0,0.7000000000000001,1.5,1.0,create a box puppet theater.,create a box puppet theater.,ai_seed34
box,zero_limit,586,0,[],"1. Cat castle: Build a fortress for feline friends.
2. Memory holder: Store keepsakes from special moments.
3. Personal planetarium: Cut out stars and create your own constellation box.
4. Portable garden bed: Plant veggies in a mobile planter box.",0,0.7000000000000001,1.5,1.0,memory holder: store keepsakes from special moments.,memory holder: store keepsakes from special moments.,ai_seed35
box,zero_limit,121,0,[],"1. Cat playhouse and nap zone.
2. DIY cardboard planters for garden.
3. Boxed bookshelf with custom paint.
4. Portable puppet theater for kids.",0,0.7000000000000001,1.5,1.0,boxed bookshelf with custom paint.,boxed bookshelf with custom paint.,ai_seed36
box,zero_limit,737,0,[],"1. ""Box guitar or drum set""
2. ""Cardboard castle for kids""
3. ""Make a box cityscape display""
4. ""Create a DIY cat house""",0,0.7000000000000001,1.5,1.0,"""box guitar or drum set""",box guitar or drum set,ai_seed37
box,zero_limit,992,0,[],"1. A box as a mini-garden.
2. Transforming a box into a cat condo.
3. Using boxes to make DIY storage bins.
4. Turning boxes into shadow puppets.",0,0.7000000000000001,1.5,1.0,using boxes to make diy storage bins.,using boxes to make diy storage bins.,ai_seed38
box,zero_limit,416,0,[],"1. Box as a mini garden
2. Box as a DIY camera
3. Box as a chic storage solution 
4. Box as an instant pet house",0,0.7000000000000001,1.5,1.0,box as a diy camera,box as a diy camera,ai_seed39
box,zero_limit,957,0,[],"1. A box can be transformed into a cozy cat house.
2. It can become a DIY cardboard maze for kids.
3. A box can be turned upside down and made into an ottoman.
4. With some paint and creativity, it could become a unique piece of wall art.",0,0.7000000000000001,1.5,1.0,"with some paint and creativity, it could become a unique piece of wall art.","with some paint and creativity, it could become a unique piece of wall art.",ai_seed40
box,zero_limit,398,0,[],"1. ""Box of Dreams"" - use a box to collect notes and ideas for future projects or goals.
2. ""Boxy Pet Bed"" - turn the box into a cozy bed for your furry friend by adding soft bedding inside.
3. ""Mystery Box Game"" - fill the box with random objects, have players blindly choose an item and guess what it is without looking.
4. ""Greenhouse in a Box"" - create mini greenhouse by cutting out one side of the box, lining it with plastic wrap, filling it soil and planting seeds inside.",0,0.7000000000000001,1.5,1.0,"""mystery box game"" - fill the box with random objects, have players blindly choose an item and guess what it is without looking.","mystery box game - fill the box with random objects, have players blindly choose an item and guess what it is without looking.",ai_seed41
box,zero_limit,179,0,[],"1. Box Fort: Build a castle.
2. Cat Condo: Feline paradise hideout.
3. DIY Organizer: Tidy up clutter.
4. Time Capsule: Preserve memories securely.",0,0.7000000000000001,1.5,1.0,box fort: build a castle.,box fort: build a castle.,ai_seed42
box,zero_limit,370,0,[],"1. Cat playhouse or scratching pad.
2. DIY photo booth for parties.
3. Make a cardboard guitar amplifier.
4. Portable mini-garden for herbs.",0,0.7000000000000001,1.5,1.0,make a cardboard guitar amplifier.,make a cardboard guitar amplifier.,ai_seed43
box,zero_limit,849,0,[],"1. Box puppet theater for kids.
2. Transform into a mini-garden bed.
3. Use as a makeshift mailbox.
4. Create a DIY pinball machine.",0,0.7000000000000001,1.5,1.0,transform into a mini-garden bed.,transform into a mini-garden bed.,ai_seed44
box,zero_limit,432,0,[],"1. Box car for kids' play.
2. Cardboard castle for cats.
3. DIY cardboard furniture project.
4. Gift box as a decoration.",0,0.7000000000000001,1.5,1.0,cardboard castle for cats.,cardboard castle for cats.,ai_seed45
box,zero_limit,336,0,[],"1. Cozy cat hideaway and bed.
2. DIY mini-garden planter box.
3. Customized cardboard puppet theater stage.
4. Upcycled gift wrapping station organizer.",0,0.7000000000000001,1.5,1.0,upcycled gift wrapping station organizer.,upcycled gift wrapping station organizer.,ai_seed46
box,zero_limit,142,0,[],"1. Cat castle hideout playpen.
2. DIY cardboard photo booth props.
3. Portable mini-garden planter box.
4. Cardboard maze for small rodents.",0,0.7000000000000001,1.5,1.0,cat castle hideout playpen.,cat castle hideout playpen.,ai_seed47
box,zero_limit,276,0,[],"1. Box as a planting pot.
2. Create a cardboard maze.
3. Make an eco-friendly birdhouse.
4. Use boxes to create furniture.",0,0.7000000000000001,1.5,1.0,create a cardboard maze.,create a cardboard maze.,ai_seed48
box,zero_limit,226,0,[],"1. Box as a DIY fort.
2. Box becomes a plant holder.
3. A box is turned into art canvas
4. Use the box for storage",0,0.7000000000000001,1.5,1.0,box becomes a plant holder.,box becomes a plant holder.,ai_seed49
fork,zero_limit,709,1,[],"1. Miniature plant holder for succulents.
2. DIY jewelry holder for necklaces.
3. Use as a hair accessory for updos.
4. Create unique fork sculptures or art pieces.",0,0.6000000000000001,1.0,1.5,miniature plant holder for succulents.,miniature plant holder for succulents.,ai_seed50
fork,zero_limit,820,1,[],"1. Tiny plant pot holder.
2. DIY fork keychain charm.
3. Fork-tipped hair comb accessory.
4. Miniature easel for small art.",0,0.6000000000000001,1.0,1.5,fork-tipped hair comb accessory.,fork-tipped hair comb accessory.,ai_seed51
fork,zero_limit,289,1,[],"1. Miniature garden tool for succulents.
2. DIY hair accessory for updos.
3. Unique wall art sculpture piece.
4. Decorative handle for a purse or clutch.",0,0.6000000000000001,1.0,1.5,miniature garden tool for succulents.,miniature garden tool for succulents.,ai_seed52
fork,zero_limit,884,1,[],"1. Miniature garden tool for succulents
2. DIY hair accessory with beads
3. Guitar pick for impromptu jam sessions 
4. Unique plant marker in pots",0,0.6000000000000001,1.0,1.5,unique plant marker in pots,unique plant marker in pots,ai_seed53
fork,zero_limit,95,1,[],"1. Miniature garden rake for succulents.
2. Create fork jewelry or accessories.
3. Use as a hair accessory comb.
4. Turn into a plant marker.",0,0.6000000000000001,1.0,1.5,miniature garden rake for succulents.,miniature garden rake for succulents.,ai_seed54
fork,zero_limit,595,1,[],"1. Mini plant holder for succulents.
2. Jewelry stand for bracelets display.
3. DIY hair accessory or comb.
4. Cake decoration tool for texture.",0,0.6000000000000001,1.0,1.5,jewelry stand for bracelets display.,jewelry stand for bracelets display.,ai_seed55
fork,zero_limit,942,1,[],"1. Miniature garden rake for succulents.
2. Hair accessory holder on vanity.
3. Fishing tool to catch small objects.
4. Paintbrush for tiny details.",0,0.6000000000000001,1.0,1.5,miniature garden rake for succulents.,miniature garden rake for succulents.,ai_seed56
fork,zero_limit,552,1,[],"1. Plant marker for garden beds.
2. DIY miniature easel stand.
3. Hair accessory holder on dresser.
4. Tiny fork sculpture art piece.",0,0.6000000000000001,1.0,1.5,diy miniature easel stand.,diy miniature easel stand.,ai_seed57
fork,zero_limit,660,1,[],"1. Miniature garden rake for succulents.
2. DIY hair accessory holder stand.
3. Fork-tipped paintbrush for small details.
4. Unique plant stem support stake.",0,0.6000000000000001,1.0,1.5,diy hair accessory holder stand.,diy hair accessory holder stand.,ai_seed58
fork,zero_limit,565,1,[],"1. Miniature garden tool for succulents.
2. Create an abstract art piece.
3. Use as a hair accessory.
4. Make a DIY fork bracelet.",0,0.6000000000000001,1.0,1.5,use as a hair accessory.,use as a hair accessory.,ai_seed59
fork,zero_limit,965,1,[],"1. Fork as a hair accessory.
2. Use fork tines for knitting.
3. Create art with fork impressions.
4. Play the fork like an instrument.",0,0.6000000000000001,1.0,1.5,create art with fork impressions.,create art with fork impressions.,ai_seed60
fork,zero_limit,981,1,[],"1. Fork as a hair accessory 
2. Use fork to plant seeds
3. Make fork art prints
4. Create fork jewelry pieces",0,0.6000000000000001,1.0,1.5,create fork jewelry pieces,create fork jewelry pieces,ai_seed61
fork,zero_limit,318,1,[],"1. Plant marker for herbs garden.
2. Hair accessory to hold bun.
3. DIY earring holder display stand.
4. Scratch lottery ticket scratcher tool.",0,0.6000000000000001,1.0,1.5,diy earring holder display stand.,diy earring holder display stand.,ai_seed62
fork,zero_limit,969,1,[],"1. Miniature plant holder for herbs.
2. DIY hair accessory for updos.
3. Sculpture material for tiny art.
4. Unique bookmark with personality.",0,0.6000000000000001,1.0,1.5,sculpture material for tiny art.,sculpture material for tiny art.,ai_seed63
fork,zero_limit,442,1,[],"1. Miniature garden tool for succulents.
2. DIY hair accessory with beads.
3. Musical instrument by plucking tines.
4. Decorative wall art sculpture piece.",0,0.6000000000000001,1.0,1.5,decorative wall art sculpture piece.,decorative wall art sculpture piece.,ai_seed64
fork,zero_limit,674,1,[],"1. Fork as a hair accessory.
2. Use fork to plant seeds.
3. Fork used for knitting needles.
4. Create fork art prints.",0,0.6000000000000001,1.0,1.5,create fork art prints.,create fork art prints.,ai_seed65
fork,zero_limit,10,1,[],"1. Miniature plant stake holder.
2. Hair accessory for updos.
3. DIY jewelry pendant charm.
4. Decorative wall art sculpture.",0,0.6000000000000001,1.0,1.5,decorative wall art sculpture.,decorative wall art sculpture.,ai_seed66
fork,zero_limit,676,1,[],"1. Mini plant holder for succulents.
2. Create a fork sculpture art.
3. Use as a hair accessory.
4. Make a DIY wind chime.",0,0.6000000000000001,1.0,1.5,mini plant holder for succulents.,mini plant holder for succulents.,ai_seed67
fork,zero_limit,375,1,[],"1. Fork as a hair accessory.
2. Create fork earrings or necklace.
3. Use forks to make art.
4. Forks as plant markers.",0,0.6000000000000001,1.0,1.5,use forks to make art.,use forks to make art.,ai_seed68
fork,zero_limit,464,1,[],"1. Miniature garden rake for fairies.
2. Hair accessory to hold updos.
3. DIY stencil for cake decorating.
4. Fishing tool for small streams.",0,0.6000000000000001,1.0,1.5,diy stencil for cake decorating.,diy stencil for cake decorating.,ai_seed69
fork,zero_limit,357,1,[],"1. Miniature garden rake for succulents.
2. Paintbrush holder for messy artists.
3. DIY hair curling tool alternative.
4. Unique cocktail garnish skewer.",0,0.6000000000000001,1.0,1.5,paintbrush holder for messy artists.,paintbrush holder for messy artists.,ai_seed70
fork,zero_limit,923,1,[],"1. Miniature garden rake for fairies.
2. DIY jewelry holder display stand.
3. Fork painting tool for texture.
4. Hair accessory for a bun.",0,0.6000000000000001,1.0,1.5,miniature garden rake for fairies.,miniature garden rake for fairies.,ai_seed71
fork,zero_limit,74,1,[],"1. Fork as a hair accessory.
2. Use fork tines as stamps.
3. Forks as plant markers.
4. Create tiny fork sculptures.",0,0.6000000000000001,1.0,1.5,forks as plant markers.,forks as plant markers.,ai_seed72
fork,zero_limit,946,1,[],"1. Miniature gardening tool for succulents.
2. DIY hair accessory holder stand.
3. Unique wall art sculpture piece.
4. Instrument to play music notes.",0,0.6000000000000001,1.0,1.5,diy hair accessory holder stand.,diy hair accessory holder stand.,ai_seed73
fork,zero_limit,991,1,[],"1. Fork as a hair accessory.
2. Use fork tines to comb.
3. Create art with fork prints.
4. Turn forks into plant markers.",0,0.6000000000000001,1.0,1.5,create art with fork prints.,create art with fork prints.,ai_seed74
fork,zero_limit,671,1,[],"1. Miniature garden rake for succulents.
2. DIY necklace pendant with charm.
3. Hair accessory to hold updo.
4. Outdoor cooking utensil for camping.",0,0.6000000000000001,1.0,1.5,diy necklace pendant with charm.,diy necklace pendant with charm.,ai_seed75
fork,zero_limit,561,1,[],"1. Sculpture tool and mini rake.
2. DIY hair curling wand.
3. Fork guitar pick replacement.
4. Precision gardening tool for weeding.",0,0.6000000000000001,1.0,1.5,precision gardening tool for weeding.,precision gardening tool for weeding.,ai_seed76
fork,zero_limit,123,1,[],"1. Miniature plant holder for succulents.
2. DIY hair accessory with beads.
3. Unique bookmark for reading enthusiasts.
4. Decorative wall art when arranged creatively.",0,0.6000000000000001,1.0,1.5,miniature plant holder for succulents.,miniature plant holder for succulents.,ai_seed77
fork,zero_limit,414,1,[],"1. Mini plant holder for succulents.
2. Create a fork-based wind chime.
3. Use as a hair accessory.
4. Forks can become jewelry charms.",0,0.6000000000000001,1.0,1.5,use as a hair accessory.,use as a hair accessory.,ai_seed78
fork,zero_limit,628,1,[],"1. Create a fork-based sculpture.
2. Use as a miniature rake.
3. Make fork earrings or necklace.
4. Use to carve soap sculptures.",0,0.6000000000000001,1.0,1.5,make fork earrings or necklace.,make fork earrings or necklace.,ai_seed79
fork,zero_limit,894,1,[],"1. Mini plant pot holder
2. Hair accessory organizer 
3. DIY fork jewelry creation 
4. Fork-tastic photo frame stand",0,0.6000000000000001,1.0,1.5,mini plant pot holder,mini plant pot holder,ai_seed80
fork,zero_limit,994,1,[],"1. Miniature garden rake for succulents.
2. Hair accessory to hold updos.
3. DIY jewelry pendant or brooch.
4. Dip holder for finger foods.",0,0.6000000000000001,1.0,1.5,dip holder for finger foods.,dip holder for finger foods.,ai_seed81
fork,zero_limit,191,1,[],"1. Miniature garden tool for succulents.
2. Musical instrument with tines plucked.
3. Hair accessory for updos.
4. Paintbrush alternative for texture.",0,0.6000000000000001,1.0,1.5,hair accessory for updos.,hair accessory for updos.,ai_seed82
fork,zero_limit,54,1,[],"1. Mini gardening tool for succulents.
2. DIY jewelry holder with corkboard.
3. Fork painting to create texture.
4. Use as a hair accessory.",0,0.6000000000000001,1.0,1.5,diy jewelry holder with corkboard.,diy jewelry holder with corkboard.,ai_seed83
fork,zero_limit,970,1,[],"1. Miniature garden rake for succulents.
2. Hair comb for small pets.
3. Decorative metal wall art piece.
4. Musical instrument by plucking tines.",0,0.6000000000000001,1.0,1.5,decorative metal wall art piece.,decorative metal wall art piece.,ai_seed84
fork,zero_limit,536,1,[],"1. Miniature garden tool for planting.
2. DIY hair accessory or comb.
3. Create a unique fork sculpture.
4. Use as a makeshift lockpick.",0,0.6000000000000001,1.0,1.5,create a unique fork sculpture.,create a unique fork sculpture.,ai_seed85
fork,zero_limit,821,1,[],"1. Garden tool for small plants.
2. DIY hair accessory holder.
3. Miniature easel for tiny art.
4. Musical instrument by scraping tines.",0,0.6000000000000001,1.0,1.5,musical instrument by scraping tines.,musical instrument by scraping tines.,ai_seed86
fork,zero_limit,68,1,[],"1. Miniature garden rake for succulents.
2. Hair accessory for updos.
3. DIY jewelry pendant or charm.
4. Decorative plant marker in soil.",0,0.6000000000000001,1.0,1.5,diy jewelry pendant or charm.,diy jewelry pendant or charm.,ai_seed87
fork,zero_limit,442,1,[],"1. Miniature garden tool for succulents.
2. DIY hair accessory with beads.
3. Musical instrument by plucking tines.
4. Decorative wall art sculpture piece.",0,0.6000000000000001,1.0,1.5,musical instrument by plucking tines.,musical instrument by plucking tines.,ai_seed88
fork,zero_limit,701,1,[],"1. Miniature plant holder for succulents.
2. DIY hair accessory or comb.
3. Decorative wall art sculpture.
4. Unique bookmark for books.",0,0.6000000000000001,1.0,1.5,miniature plant holder for succulents.,miniature plant holder for succulents.,ai_seed89
fork,zero_limit,339,1,[],"1. Miniature gardening tool for succulents.
2. Hair accessory to hold updos.
3. Artistic stamp to create patterns.
4. DIY knitting needle alternative.",0,0.6000000000000001,1.0,1.5,artistic stamp to create patterns.,artistic stamp to create patterns.,ai_seed90
fork,zero_limit,755,1,[],"1. Forks as hair accessories.
2. Mini fork plant markers.
3. Fork handle coat hooks.
4. Fork tine jewelry pendant.",0,0.6000000000000001,1.0,1.5,fork handle coat hooks.,fork handle coat hooks.,ai_seed91
fork,zero_limit,750,1,[],"1. Miniature garden tool for succulents.
2. Hair accessory to hold updos.
3. DIY knitting needle alternative.
4. Artistic paintbrush handle extension.",0,0.6000000000000001,1.0,1.5,artistic paintbrush handle extension.,artistic paintbrush handle extension.,ai_seed92
fork,zero_limit,613,1,[],"1. Miniature garden rake for succulents.
2. Create a unique wall art sculpture.
3. Use as a hair accessory holder.
4. Make fork jewelry or keychains.",0,0.6000000000000001,1.0,1.5,use as a hair accessory holder.,use as a hair accessory holder.,ai_seed93
fork,zero_limit,365,1,[],"1. Fork as a hair accessory.
2. Use fork tines to plant seeds.
3. Fork as a miniature easel.
4. Create unique fork jewelry pieces.",0,0.6000000000000001,1.0,1.5,fork as a miniature easel.,fork as a miniature easel.,ai_seed94
fork,zero_limit,17,1,[],"1. Miniature garden rake for succulents.
2. Hair accessory to hold updos.
3. DIY jewelry by bending tines.
4. Musical instrument with tin can.",0,0.6000000000000001,1.0,1.5,miniature garden rake for succulents.,miniature garden rake for succulents.,ai_seed95
fork,zero_limit,3,1,[],"1. Fork as a tiny plant pot.
2. Use fork tines to comb hair.
3. Create fork art on canvas.
4. Make fork jewelry or accessories.",0,0.6000000000000001,1.0,1.5,make fork jewelry or accessories.,make fork jewelry or accessories.,ai_seed96
fork,zero_limit,293,1,[],"1. Miniature garden rake for succulents.
2. Hair accessory to hold updos.
3. Fishing hook in a pinch.
4. Decorative wall art when arranged creatively.",0,0.6000000000000001,1.0,1.5,hair accessory to hold updos.,hair accessory to hold updos.,ai_seed97
fork,zero_limit,13,1,[],"1. Miniature garden rake for succulents.
2. DIY jewelry holder for earrings.
3. Hair teasing tool for volume.
4. Paintbrush alternative for small details.",0,0.6000000000000001,1.0,1.5,diy jewelry holder for earrings.,diy jewelry holder for earrings.,ai_seed98
fork,zero_limit,942,1,[],"1. Miniature garden rake for succulents.
2. Hair accessory holder on vanity.
3. Fishing tool to catch small objects.
4. Paintbrush for tiny details.",0,0.6000000000000001,1.0,1.5,paintbrush for tiny details.,paintbrush for tiny details.,ai_seed99
lightbulb,zero_limit,441,2,[],"1. Mini terrarium or greenhouse.
2. Unique candle holder centerpiece.
3. Creative flower vase alternative.
4. DIY snow globe decoration.",0,0.6000000000000001,1.0,1.0,creative flower vase alternative.,creative flower vase alternative.,ai_seed100
lightbulb,zero_limit,979,2,[],"1. Mini terrarium inside lightbulb.
2. Lightbulb vase for small flowers.
3. Lightbulb bird feeder or house.
4. Upcycled lightbulb salt and pepper shakers.",0,0.6000000000000001,1.0,1.0,lightbulb vase for small flowers.,lightbulb vase for small flowers.,ai_seed101
lightbulb,zero_limit,423,2,[],"1. Miniature terrarium inside bulb.
2. Lightbulb fish tank centerpiece.
3. Painted as Christmas ornaments.
4. Lightbulb vase for small flowers.",0,0.6000000000000001,1.0,1.0,miniature terrarium inside bulb.,miniature terrarium inside bulb.,ai_seed102
lightbulb,zero_limit,117,2,[],"1. Miniature terrarium inside a bulb.
2. Bulb vase for single stems.
3. Lightbulb fish tank decoration.
4. DIY snow globe with bulbs.",0,0.6000000000000001,1.0,1.0,bulb vase for single stems.,bulb vase for single stems.,ai_seed103
lightbulb,zero_limit,39,2,[],"1. Lightbulb vase for small flowers.
2. Hollowed-out lightbulb earrings or necklace pendant.
3. Lightbulb terrarium with miniature plants.
4. Fill a lightbulb with candy as a unique party favor.",0,0.6000000000000001,1.0,1.0,lightbulb terrarium with miniature plants.,lightbulb terrarium with miniature plants.,ai_seed104
lightbulb,zero_limit,951,2,[],"1. Miniature indoor plant terrarium.
2. DIY snow globe decoration.
3. Unique pendant necklace charm.
4. Whimsical table centerpiece holder.",0,0.6000000000000001,1.0,1.0,unique pendant necklace charm.,unique pendant necklace charm.,ai_seed105
lightbulb,zero_limit,567,2,[],"1. Tiny Planter: Fill with soil, add seeds.
2. DIY Snow Globe: Fill with water, glitter, and small figurines.
3. Mini Terrarium: Add rocks, moss and miniature plants.
4. Unique Vase: Remove filament, fill with flowers.",0,0.6000000000000001,1.0,1.0,"tiny planter: fill with soil, add seeds.","tiny planter: fill with soil, add seeds.",ai_seed106
lightbulb,zero_limit,305,2,[],"1. Mini terrarium inside lightbulb.
2. Lightbulb vase for small flowers.
3. Hollowed-out lightbulbs as planters.
4. Lightbulb bird feeder or house.",0,0.6000000000000001,1.0,1.0,mini terrarium inside lightbulb.,mini terrarium inside lightbulb.,ai_seed107
lightbulb,zero_limit,399,2,[],"1. Miniature terrarium inside bulb.
2. Lightbulb vase for small flowers.
3. Painted lightbulbs as unique ornaments.
4. Lightbulb bird feeder and house.",0,0.6000000000000001,1.0,1.0,miniature terrarium inside bulb.,miniature terrarium inside bulb.,ai_seed108
lightbulb,zero_limit,178,2,[],"1. Miniature Terrarium 
2. Lightbulb Vase
3. Hanging Planter
4. DIY Snow Globe",0,0.6000000000000001,1.0,1.0,miniature terrarium,miniature terrarium,ai_seed109
lightbulb,zero_limit,211,2,[],"1. Miniature terrarium with tiny plants.
2. Fill with colored water, vase.
3. Make a DIY oil lamp.
4. Create unique Christmas ornaments.",0,0.6000000000000001,1.0,1.0,create unique christmas ornaments.,create unique christmas ornaments.,ai_seed110
lightbulb,zero_limit,570,2,[],"1. Mini terrarium in a bulb.
2. DIY snow globe lightbulb decor.
3. Lightbulb vase for small flowers.
4. Unique pendant necklace with filament.",0,0.6000000000000001,1.0,1.0,unique pendant necklace with filament.,unique pendant necklace with filament.,ai_seed111
lightbulb,zero_limit,622,2,[],"1. Mini terrarium inside bulb.
2. Lightbulb aquarium for tiny fish.
3. Plant holder with built-in light.
4. Painted as a miniature planetarium.",0,0.6000000000000001,1.0,1.0,mini terrarium inside bulb.,mini terrarium inside bulb.,ai_seed112
lightbulb,zero_limit,388,2,[],"1. Mini terrarium inside lightbulb.
2. Lampshade made of broken bulbs.
3. Light bulb vase for flowers.
4. DIY snow globe with bulb.",0,0.6000000000000001,1.0,1.0,mini terrarium inside lightbulb.,mini terrarium inside lightbulb.,ai_seed113
lightbulb,zero_limit,589,2,[],"1. Mini terrarium inside the bulb.
2. Paint it as an ornament.
3. Make a unique vase.
4. Use as a paperweight sculpture.",0,0.6000000000000001,1.0,1.0,paint it as an ornament.,paint it as an ornament.,ai_seed114
lightbulb,zero_limit,689,2,[],"1. Miniature terrarium inside bulb.
2. Lightbulb-shaped birdhouse for garden.
3. DIY oil lamp from bulb.
4. Hanging lightbulb vase for flowers.",0,0.6000000000000001,1.0,1.0,miniature terrarium inside bulb.,miniature terrarium inside bulb.,ai_seed115
lightbulb,zero_limit,471,2,[],"1. Mini terrarium inside lightbulb.
2. Lightbulb vase for small flowers.
3. DIY snow globe with lightbulbs.
4. Lightbulb oil diffuser for aromatherapy.",0,0.6000000000000001,1.0,1.0,diy snow globe with lightbulbs.,diy snow globe with lightbulbs.,ai_seed116
lightbulb,zero_limit,457,2,[],"1. Miniature Garden Terrarium Light
2. DIY Oil Lamp Lantern
3. Hanging Flower Vase Holder
4. Decorative Bottle Stopper Top",0,0.6000000000000001,1.0,1.0,diy oil lamp lantern,diy oil lamp lantern,ai_seed117
lightbulb,zero_limit,413,2,[],"1. Mini terrarium or greenhouse.
2. Unique vase for flowers.
3. DIY oil lamp holder.
4. Decorative snow globe base.",0,0.6000000000000001,1.0,1.0,decorative snow globe base.,decorative snow globe base.,ai_seed118
lightbulb,zero_limit,426,2,[],"1. Miniature terrarium inside bulb.
2. Lightbulb oil diffuser with scents.
3. Upcycled lightbulb planters for succulents.
4. Hanging lightbulb bird feeder",0,0.6000000000000001,1.0,1.0,lightbulb oil diffuser with scents.,lightbulb oil diffuser with scents.,ai_seed119
lightbulb,zero_limit,592,2,[],"1. Mini terrarium inside lightbulb.
2. Lightbulb vase for small flowers.
3. Lightbulb bird feeder or bath.
4. Cut lightbulbs into drinking glasses.",0,0.6000000000000001,1.0,1.0,mini terrarium inside lightbulb.,mini terrarium inside lightbulb.,ai_seed120
lightbulb,zero_limit,426,2,[],"1. Miniature terrarium inside bulb.
2. Lightbulb oil diffuser with scents.
3. Upcycled lightbulb planters for succulents.
4. Hanging lightbulb bird feeder",0,0.6000000000000001,1.0,1.0,miniature terrarium inside bulb.,miniature terrarium inside bulb.,ai_seed121
lightbulb,zero_limit,572,2,[],"1. Tiny plant terrarium display.
2. Lightbulb oil diffuser lamp.
3. Miniature snow globe decoration.
4. Lightbulb bird feeder station.",0,0.6000000000000001,1.0,1.0,tiny plant terrarium display.,tiny plant terrarium display.,ai_seed122
lightbulb,zero_limit,436,2,[],"1. Mini terrarium inside lightbulb.
2. Paint and use as decoration.
3. Turn into a mini vase.
4. Use as a paperweight.",0,0.6000000000000001,1.0,1.0,turn into a mini vase.,turn into a mini vase.,ai_seed123
lightbulb,zero_limit,380,2,[],"1. Mini terrarium inside lightbulb.
2. Lightbulb vase for small flowers.
3. Turn into a birdhouse perch.
4. Use as an oil diffuser.",0,0.6000000000000001,1.0,1.0,use as an oil diffuser.,use as an oil diffuser.,ai_seed124
lightbulb,zero_limit,480,2,[],"1. Miniature terrarium inside bulb
2. Bulb-shaped birdhouse for garden
3. Lightbulb fish tank decoration 
4. Recycled lightbulb vase centerpiece",0,0.6000000000000001,1.0,1.0,lightbulb fish tank decoration,lightbulb fish tank decoration,ai_seed125
lightbulb,zero_limit,972,2,[],"1. Mini Terrarium: Create tiny indoor gardens.
2. DIY Oil Lamp: Fill with oil for light.
3. Christmas Ornament: Paint and hang on tree.
4. Snow Globe: Glue to base, add glitter.",0,0.6000000000000001,1.0,1.0,"snow globe: glue to base, add glitter.","snow globe: glue to base, add glitter.",ai_seed126
lightbulb,zero_limit,687,2,[],"1. Flower vase or terrarium container.
2. DIY snow globe decoration.
3. Mini aquarium for small fish.
4. Hanging pendant lamp planter.",0,0.6000000000000001,1.0,1.0,hanging pendant lamp planter.,hanging pendant lamp planter.,ai_seed127
lightbulb,zero_limit,613,2,[],"1. Mini terrarium inside lightbulb.
2. Lightbulb vase for small flowers.
3. Painted lightbulbs as Christmas ornaments.
4. Hollowed-out lightbulbs as unique shot glasses.",0,0.6000000000000001,1.0,1.0,mini terrarium inside lightbulb.,mini terrarium inside lightbulb.,ai_seed128
lightbulb,zero_limit,721,2,[],"1. DIY terrarium ornament: fill with soil and small plants.
2. Mini vase: add water and a single flower for decoration.
3. Secret storage container: unscrew base to hide small items.
4. Hanging decorative mobile: string multiple bulbs together at different heights.",0,0.6000000000000001,1.0,1.0,mini vase: add water and a single flower for decoration.,mini vase: add water and a single flower for decoration.,ai_seed129
lightbulb,zero_limit,939,2,[],"1. Mini Terrarium: Lightbulb Planter.
2. DIY Snow Globe: Lightbulb Ornament.
3. Bottle Opener: Lightbulb Cap Remover.
4. Desk Organizer: Lightbulb Pencil Holder.",0,0.6000000000000001,1.0,1.0,diy snow globe: lightbulb ornament.,diy snow globe: lightbulb ornament.,ai_seed130
lightbulb,zero_limit,66,2,[],"1. Miniature terrarium inside the bulb.
2. Paint and turn into jewelry.
3. Fill with colorful sand art.
4. Make a unique Christmas ornament.",0,0.6000000000000001,1.0,1.0,paint and turn into jewelry.,paint and turn into jewelry.,ai_seed131
lightbulb,zero_limit,68,2,[],"1. Lightbulb terrarium: create a miniature garden inside a light bulb
2. Lightbulb fish tank: turn the bulb into a small aquatic habitat
3. Lightbulb vase: use as a unique and quirky flower holder
4. Lightbulb message board: write notes on the glass with dry erase markers",0,0.6000000000000001,1.0,1.0,lightbulb fish tank: turn the bulb into a small aquatic habitat,lightbulb fish tank: turn the bulb into a small aquatic habitat,ai_seed132
lightbulb,zero_limit,80,2,[],"1. Mini terrarium with lightbulb base.
2. Lightbulb fish tank decoration DIY.
3. Repurpose as a plant pot.
4. Lightbulb snow globe craft project.",0,0.6000000000000001,1.0,1.0,lightbulb fish tank decoration diy.,lightbulb fish tank decoration diy.,ai_seed133
lightbulb,zero_limit,861,2,[],"1. Flower vase or planter
2. Fishbowl or terrarium container
3. DIY Christmas ornament holder
4. Salt and pepper shakers",0,0.6000000000000001,1.0,1.0,fishbowl or terrarium container,fishbowl or terrarium container,ai_seed134
lightbulb,zero_limit,914,2,[],"1. Miniature terrarium or greenhouse.
2. DIY fishing bobber or lure.
3. Unique candle holder or centerpiece.
4. Decorative plant vase or pot.",0,0.6000000000000001,1.0,1.0,unique candle holder or centerpiece.,unique candle holder or centerpiece.,ai_seed135
lightbulb,zero_limit,259,2,[],"1. Mini terrarium for succulents.
2. DIY snow globe decoration.
3. Glass blowing practice piece.
4. Whimsical hanging bird feeder.",0,0.6000000000000001,1.0,1.0,diy snow globe decoration.,diy snow globe decoration.,ai_seed136
lightbulb,zero_limit,881,2,[],"1. Miniature terrarium inside lightbulb.
2. Lightbulb vase for small flowers.
3. Lightbulb fish tank ornament decoration.
4. Lightbulb salt and pepper shakers.",0,0.6000000000000001,1.0,1.0,lightbulb vase for small flowers.,lightbulb vase for small flowers.,ai_seed137
lightbulb,zero_limit,896,2,[],"1. Miniature terrarium inside lightbulb.
2. Lightbulb fish tank centerpiece display.
3. Painted lightbulbs as hanging ornaments.
4. Lightbulb planters for small succulents.",0,0.6000000000000001,1.0,1.0,lightbulb fish tank centerpiece display.,lightbulb fish tank centerpiece display.,ai_seed138
lightbulb,zero_limit,490,2,[],"1. Miniature terrarium inside bulb.
2. Lightbulb vase for small flowers.
3. Painted lightbulbs as Christmas ornaments.
4. Lightbulb bird feeder or house.",0,0.6000000000000001,1.0,1.0,miniature terrarium inside bulb.,miniature terrarium inside bulb.,ai_seed139
lightbulb,zero_limit,32,2,[],"1. Mini terrarium inside a lightbulb.
2. Hanging vase for small flowers.
3. Unique Christmas tree ornament decoration.
4. Funky salt and pepper shakers.",0,0.6000000000000001,1.0,1.0,mini terrarium inside a lightbulb.,mini terrarium inside a lightbulb.,ai_seed140
lightbulb,zero_limit,338,2,[],"1. Mini terrarium inside lightbulb.
2. Lightbulb vase for small flowers.
3. DIY snow globe with lightbulb.
4. Hanging pendant lamp from bulb.",0,0.6000000000000001,1.0,1.0,diy snow globe with lightbulb.,diy snow globe with lightbulb.,ai_seed141
lightbulb,zero_limit,878,2,[],"1. Miniature terrarium inside bulb.
2. Bulb-shaped birdhouse with perch.
3. Lightbulb vase for small flowers.
4. Christmas ornaments made from bulbs.",0,0.6000000000000001,1.0,1.0,bulb-shaped birdhouse with perch.,bulb-shaped birdhouse with perch.,ai_seed142
lightbulb,zero_limit,198,2,[],"1. Mini terrarium inside lightbulb.
2. Lightbulb vase for single stem.
3. Painted as hanging Christmas ornaments.
4. Lightbulb birdhouse with tiny entrance.",0,0.6000000000000001,1.0,1.0,mini terrarium inside lightbulb.,mini terrarium inside lightbulb.,ai_seed143
lightbulb,zero_limit,648,2,[],"1. Mini terrarium or vase.
2. DIY snow globe decoration.
3. Hanging plant holder.
4. Unique oil lamp base.",0,0.6000000000000001,1.0,1.0,diy snow globe decoration.,diy snow globe decoration.,ai_seed144
lightbulb,zero_limit,694,2,[],"1. Mini terrarium for succulents.
2. DIY snow globe decoration.
3. Unique plant watering device.
4. Lightbulb-shaped salt and pepper shakers.",0,0.6000000000000001,1.0,1.0,mini terrarium for succulents.,mini terrarium for succulents.,ai_seed145
lightbulb,zero_limit,259,2,[],"1. Mini terrarium for succulents.
2. DIY snow globe decoration.
3. Glass blowing practice piece.
4. Whimsical hanging bird feeder.",0,0.6000000000000001,1.0,1.0,mini terrarium for succulents.,mini terrarium for succulents.,ai_seed146
lightbulb,zero_limit,864,2,[],"1. Lightbulb planter: Cut off the top of a lightbulb and use it as a tiny vase for small plants.
2. Lightbulb fish tank: Create a miniature aquarium by turning a light bulb into a fish tank.
3. Lightbulb terrarium: Repurpose old bulbs by filling them with soil, moss, and other small plants to create an indoor garden.
4. Lightbulb art piece: String together several light bulbs in different sizes to make an eye-catching sculpture or chandelier-like installation.",0,0.6000000000000001,1.0,1.0,lightbulb art piece: string together several light bulbs in different sizes to make an eye-catching sculpture or chandelier-like installation.,lightbulb art piece: string together several light bulbs in different sizes to make an eye-catching sculpture or chandelier-like installation.,ai_seed147
lightbulb,zero_limit,497,2,[],"1. Tiny terrarium inside lightbulb.
2. Lightbulb bird feeder for garden.
3. Painted lightbulbs as Christmas ornaments.
4. Lightbulb vase for fresh flowers.",0,0.6000000000000001,1.0,1.0,lightbulb bird feeder for garden.,lightbulb bird feeder for garden.,ai_seed148
lightbulb,zero_limit,159,2,[],"1. Mini terrarium inside the bulb.
2. Fill with candy as gift.
3. Turn into a vase.
4. DIY snow globe decoration.",0,0.6000000000000001,1.0,1.0,mini terrarium inside the bulb.,mini terrarium inside the bulb.,ai_seed149
spoon,zero_limit,25,3,[],"1. Spoon as a plant marker.
2. Make a spoon handle bracelet.
3. Use spoon to create art.
4. Carve a wooden spoon collection.",0,0.6000000000000001,1.0,1.5,spoon as a plant marker.,spoon as a plant marker.,ai_seed150
spoon,zero_limit,198,3,[],"1. Miniature garden shovel substitute.
2. DIY candle mold maker.
3. Fruit and veggie scooper tool.
4. Musical instrument percussion accessory.",0,0.6000000000000001,1.0,1.5,musical instrument percussion accessory.,musical instrument percussion accessory.,ai_seed151
spoon,zero_limit,493,3,[],"1. Spoon as a plant marker.
2. Spoon for removing eggshells.
3. Spoon as a mini shovel.
4. Spoon to make tiny sculptures.",0,0.6000000000000001,1.0,1.5,spoon as a mini shovel.,spoon as a mini shovel.,ai_seed152
spoon,zero_limit,579,3,[],"1. Miniature gardening tool for succulents.
2. DIY candle-making scoop and stirrer.
3. Spoon puppet with googly eyes.
4. Paintbrush handle for small details.",0,0.6000000000000001,1.0,1.5,miniature gardening tool for succulents.,miniature gardening tool for succulents.,ai_seed153
spoon,zero_limit,842,3,[],"1. Spoon as a mini shovel.
2. Use spoon to make music.
3. Create art with spoon stamping.
4. Make a decorative spoon chandelier.",0,0.6000000000000001,1.0,1.5,make a decorative spoon chandelier.,make a decorative spoon chandelier.,ai_seed154
spoon,zero_limit,62,3,[],"1. Spoon as a mini shovel.
2. Spoon to make music instrument.
3. Spoon for gardening tool scoop.
4. Use spoon to measure ingredients.",0,0.6000000000000001,1.0,1.5,use spoon to measure ingredients.,use spoon to measure ingredients.,ai_seed155
spoon,zero_limit,735,3,[],"1. Spoon guitar pick for strumming.
2. Use spoon as a plant marker.
3. Spoon catapult for small objects.
4. Make spoon puppets for storytelling.",0,0.6000000000000001,1.0,1.5,spoon catapult for small objects.,spoon catapult for small objects.,ai_seed156
spoon,zero_limit,940,3,[],"1. Spoon as a plant marker.
2. Spoon for cake decorating designs.
3. Spoon to make mini sculptures.
4. Spoon as a DIY earrings",0,0.6000000000000001,1.0,1.5,spoon as a plant marker.,spoon as a plant marker.,ai_seed157
spoon,zero_limit,534,3,[],"1. Spoon as a hair accessory.
2. Spoon for digging plant holes.
3. Spoon as a makeshift lockpick.
4. Spoon to create textured art.",0,0.6000000000000001,1.0,1.5,spoon as a hair accessory.,spoon as a hair accessory.,ai_seed158
spoon,zero_limit,587,3,[],"1. Spoon as a bookmark holder.
2. Use spoon to make music.
3. Create spoon plant markers.
4. Spoon as a doorstopper.",0,0.6000000000000001,1.0,1.5,spoon as a doorstopper.,spoon as a doorstopper.,ai_seed159
spoon,zero_limit,706,3,[],"1. Spoon as a plant marker.
2. Use spoon to create art.
3. Spoon as a hair accessory.
4. Make spoon wind chimes.",0,0.6000000000000001,1.0,1.5,make spoon wind chimes.,make spoon wind chimes.,ai_seed160
spoon,zero_limit,740,3,[],"1. Spoon as a plant marker.
2. Spoon to create textured art.
3. Spoon for mixing nail polish.
4. Spoon as a miniature shovel.",0,0.6000000000000001,1.0,1.5,spoon to create textured art.,spoon to create textured art.,ai_seed161
spoon,zero_limit,191,3,[],"1. Spoon as a plant marker.
2. Use spoon to make music.
3. Create spoon puppets for storytelling.
4. Turn spoons into unique jewelry.",0,0.6000000000000001,1.0,1.5,use spoon to make music.,use spoon to make music.,ai_seed162
spoon,zero_limit,571,3,[],"1. Miniature shovel for bonsai trees.
2. DIY stamping tool for crafts.
3. Hair curler on a budget.
4. Emergency screwdriver substitute.",0,0.6000000000000001,1.0,1.5,miniature shovel for bonsai trees.,miniature shovel for bonsai trees.,ai_seed163
spoon,zero_limit,580,3,[],"1. Spoon guitar pick substitute.
2. Create miniature spoon sculptures.
3. Use a spoon to plant seeds.
4. Fashion a decorative spoon necklace.",0,0.6000000000000001,1.0,1.5,use a spoon to plant seeds.,use a spoon to plant seeds.,ai_seed164
spoon,zero_limit,431,3,[],"1. Miniature shovel for gardening.
2. DIY guitar pick maker.
3. Hair curler for small sections.
4. Impromptu drumstick during jam session.",0,0.6000000000000001,1.0,1.5,diy guitar pick maker.,diy guitar pick maker.,ai_seed165
spoon,zero_limit,987,3,[],"1. Spoon as a plant marker.
2. Spoon to create textured art.
3. Spoon as a musical instrument.
4. Spoon for DIY candle making.",0,0.6000000000000001,1.0,1.5,spoon as a musical instrument.,spoon as a musical instrument.,ai_seed166
spoon,zero_limit,167,3,[],"1. Spoon as a plant marker.
2. Spoon to make mini sculptures.
3. Spoon for hair curling tool.
4. Spoon for candle wick straightener.",0,0.6000000000000001,1.0,1.5,spoon as a plant marker.,spoon as a plant marker.,ai_seed167
spoon,zero_limit,541,3,[],"1. Spoon as a plant marker.
2. Spoon as a DIY jewelry clasp.
3. Spoon for creative food plating.
4. Spoon as a paintbrush substitute.",0,0.6000000000000001,1.0,1.5,spoon as a paintbrush substitute.,spoon as a paintbrush substitute.,ai_seed168
spoon,zero_limit,58,3,[],"1. Spoon Guitar Pick: Use the edge of a spoon to strum guitar strings.
2. Spoon Plant Marker: Label your garden with painted spoons stuck in soil.
3. Spoon Candle Holder: Melt wax into bowl of spoon for DIY candle holder.
4. Spoon Hair Accessory: Bend and shape a decorative spoon as hairpin or barrette.",0,0.6000000000000001,1.0,1.5,spoon hair accessory: bend and shape a decorative spoon as hairpin or barrette.,spoon hair accessory: bend and shape a decorative spoon as hairpin or barrette.,ai_seed169
spoon,zero_limit,336,3,[],"1. Miniature garden shovel substitute.
2. DIY wax seal stamp handle.
3. Unique musical instrument accessory.
4. Ice cream cone holder stand.",0,0.6000000000000001,1.0,1.5,diy wax seal stamp handle.,diy wax seal stamp handle.,ai_seed170
spoon,zero_limit,521,3,[],"1. Spoon as a plant marker.
2. Spoon as a guitar pick.
3. Spoon as a seed scooper.
4. Spoon as a candle holder.",0,0.6000000000000001,1.0,1.5,spoon as a seed scooper.,spoon as a seed scooper.,ai_seed171
spoon,zero_limit,374,3,[],"1. Spoon Guitar Pick
2. Spoon Plant Marker
3. Spoon Candle Holder
4. Spoon Fishing Lure",0,0.6000000000000001,1.0,1.5,spoon plant marker,spoon plant marker,ai_seed172
spoon,zero_limit,950,3,[],"1. Spoon as a plant marker.
2. Spoon to make tiny sculptures.
3. Spoon for digging small holes.
4. Spoon used as a bookmark.",0,0.6000000000000001,1.0,1.5,spoon used as a bookmark.,spoon used as a bookmark.,ai_seed173
spoon,zero_limit,817,3,[],"1. Spoon as a plant marker.
2. Spoon used as a doorstopper.
3. Spoon transformed into jewelry.
4. Use spoon to scoop candles",0,0.6000000000000001,1.0,1.5,spoon transformed into jewelry.,spoon transformed into jewelry.,ai_seed174
spoon,zero_limit,311,3,[],"1. Spoon as a plant marker.
2. Spoon to create textured art.
3. Spoon for DIY candle making.
4. Spoon as a guitar pick.",0,0.6000000000000001,1.0,1.5,spoon for diy candle making.,spoon for diy candle making.,ai_seed175
spoon,zero_limit,225,3,[],"1. Miniature shovel for digging holes.
2. DIY plant marker with engraved names.
3. Spoon catapult for launching small objects.
4. Fashion a spoon into jewelry.",0,0.6000000000000001,1.0,1.5,spoon catapult for launching small objects.,spoon catapult for launching small objects.,ai_seed176
spoon,zero_limit,794,3,[],"1. Spoon as a doorstopper.
2. Spoon as a plant marker.
3. Spoon as a makeshift magnifying glass.
4. Spoon as a tiny shovel for digging small holes in the dirt or sand.",0,0.6000000000000001,1.0,1.5,spoon as a tiny shovel for digging small holes in the dirt or sand.,spoon as a tiny shovel for digging small holes in the dirt or sand.,ai_seed177
spoon,zero_limit,442,3,[],"1. Spoon as a plant marker.
2. Spoon to make mini sculptures.
3. Use spoon for candle holder.
4. Create musical instrument with spoon.",0,0.6000000000000001,1.0,1.5,spoon as a plant marker.,spoon as a plant marker.,ai_seed178
spoon,zero_limit,360,3,[],"1. Ice cream cookie cutter scoop
2. DIY plant seedling digger tool 
3. Spoon-based musical instrument 
4. Spoon catapult for small objects",0,0.6000000000000001,1.0,1.5,spoon-based musical instrument,spoon-based musical instrument,ai_seed179
spoon,zero_limit,636,3,[],"1. Miniature shovel for ants
2. DIY stamping tool handle
3. Unique hair accessory holder 
4. Ice cream cone stabilizer stand",0,0.6000000000000001,1.0,1.5,miniature shovel for ants,miniature shovel for ants,ai_seed180
spoon,zero_limit,595,3,[],"1. Spoon guitar for musical fun.
2. Use spoon as plant marker.
3. Create spoon puppets for storytelling.
4. Make a spoon wind chime.",0,0.6000000000000001,1.0,1.5,spoon guitar for musical fun.,spoon guitar for musical fun.,ai_seed181
spoon,zero_limit,122,3,[],"1. Spoon as a microphone stand.
2. Use spoon to plant seeds.
3. Create spoon wind chimes.
4. Build a spoon catapult launcher.",0,0.6000000000000001,1.0,1.5,use spoon to plant seeds.,use spoon to plant seeds.,ai_seed182
spoon,zero_limit,303,3,[],"1. Miniature garden shovel substitute.
2. Spoon drumstick for impromptu jamming.
3. Create a DIY spoon lampshade.
4. Use as a bookmark alternative.",0,0.6000000000000001,1.0,1.5,miniature garden shovel substitute.,miniature garden shovel substitute.,ai_seed183
spoon,zero_limit,542,3,[],"1. Spoon catapult for small objects.
2. Use spoon as a bookmark.
3. Create mini planters with spoons.
4. Turn spoon into a necklace pendant.",0,0.6000000000000001,1.0,1.5,turn spoon into a necklace pendant.,turn spoon into a necklace pendant.,ai_seed184
spoon,zero_limit,991,3,[],"1. Spoon as a plant marker.
2. Spoon for creating textured art.
3. Spoon to make mini sculptures.
4. Spoon as a makeshift compass.",0,0.6000000000000001,1.0,1.5,spoon for creating textured art.,spoon for creating textured art.,ai_seed185
spoon,zero_limit,28,3,[],"1. Spoon plant markers in garden.
2. Make spoon puppets for storytelling.
3. Create spoon wind chimes outside.
4. Use spoons as mini shovels.",0,0.6000000000000001,1.0,1.5,use spoons as mini shovels.,use spoons as mini shovels.,ai_seed186
spoon,zero_limit,635,3,[],"1. Miniature shovel for gardening.
2. Create a spoon puppet show.
3. Use as a bookmark substitute.
4. Spoon drumming performance art.",0,0.6000000000000001,1.0,1.5,use as a bookmark substitute.,use as a bookmark substitute.,ai_seed187
spoon,zero_limit,135,3,[],"1. Spoon as a plant marker.
2. Use spoon to shape butter.
3. Turn spoon into jewelry charm.
4. Create art with spoon stamps.",0,0.6000000000000001,1.0,1.5,spoon as a plant marker.,spoon as a plant marker.,ai_seed188
spoon,zero_limit,662,3,[],"1. Spoon microphone for singing karaoke.
2. Spoon catapult for launching small objects.
3. Spoon handle as a door stopper.
4. Spoon art sculpture for display.",0,0.6000000000000001,1.0,1.5,spoon handle as a door stopper.,spoon handle as a door stopper.,ai_seed189
spoon,zero_limit,990,3,[],"1. Spoon as a plant marker.
2. Spoon to create mini succulent garden.
3. Use spoon as a doorstopper.
4. Make spoon wind chimes.",0,0.6000000000000001,1.0,1.5,use spoon as a doorstopper.,use spoon as a doorstopper.,ai_seed190
spoon,zero_limit,944,3,[],"1. Spoon plant markers in garden.
2. Use spoon as a bookmark.
3. Play musical spoons with friends.
4. Create spoon puppets for storytelling.",0,0.6000000000000001,1.0,1.5,use spoon as a bookmark.,use spoon as a bookmark.,ai_seed191
spoon,zero_limit,128,3,[],"1. Spoon as a plant marker.
2. Spoon as a guitar pick.
3. Spoon as a doorstopper.
4. Spoon as an ice cream scoop alternative.",0,0.6000000000000001,1.0,1.5,spoon as a doorstopper.,spoon as a doorstopper.,ai_seed192
spoon,zero_limit,942,3,[],"1. Miniature shovel for digging holes.
2. DIY jewelry maker's toolset addition.
3. Portable drumming instrument with percussion.
4. Make-shift microphone during karaoke nights.",0,0.6000000000000001,1.0,1.5,diy jewelry maker's toolset addition.,diy jewelry maker's toolset addition.,ai_seed193
spoon,zero_limit,191,3,[],"1. Spoon as a plant marker.
2. Use spoon to make music.
3. Create spoon puppets for storytelling.
4. Turn spoons into unique jewelry.",0,0.6000000000000001,1.0,1.5,spoon as a plant marker.,spoon as a plant marker.,ai_seed194
spoon,zero_limit,384,3,[],"1. Spoon as a plant marker.
2. Spoon for painting texture effects.
3. Spoon to create mini sculptures.
4. Spoon for making homemade jewelry.",0,0.6000000000000001,1.0,1.5,spoon as a plant marker.,spoon as a plant marker.,ai_seed195
spoon,zero_limit,845,3,[],"1. Miniature plant pot shovel.
2. DIY cookie dough mixer.
3. Spoon microphone for karaoke night.
4. Unique hair accessory holder.",0,0.6000000000000001,1.0,1.5,miniature plant pot shovel.,miniature plant pot shovel.,ai_seed196
spoon,zero_limit,608,3,[],"1. Miniature shovel for gardening.
2. Improvised microphone for karaoke.
3. DIY cookie cutter for baking.
4. Substitute screwdriver in a pinch.",0,0.6000000000000001,1.0,1.5,diy cookie cutter for baking.,diy cookie cutter for baking.,ai_seed197
spoon,zero_limit,792,3,[],"1. Spoon as a plant marker.
2. Spoon for making mini sculptures.
3. Use spoon to make stamps.
4. Create abstract art with spoons.",0,0.6000000000000001,1.0,1.5,create abstract art with spoons.,create abstract art with spoons.,ai_seed198
spoon,zero_limit,18,3,[],"1. Spoon as a mini shovel.
2. Spoon as a plant marker.
3. Spoon as a candle holder.
4. Spoon as an ice cream scoop alternative.",0,0.6000000000000001,1.0,1.5,spoon as a candle holder.,spoon as a candle holder.,ai_seed199
table,zero_limit,39,4,[],"1. Table as a vertical garden.
2. Table turned into a bookshelf.
3. Floating table for small spaces.
4. Interactive coffee table with games.",0,0.6000000000000001,1.5,1.0,table turned into a bookshelf.,table turned into a bookshelf.,ai_seed200
table,zero_limit,473,4,[],"1. Table turned into a swing.
2. Table transformed into a garden bed.
3. Table converted to an aquarium.
4. Table repurposed as a bookshelf.",0,0.6000000000000001,1.5,1.0,table repurposed as a bookshelf.,table repurposed as a bookshelf.,ai_seed201
table,zero_limit,923,4,[],"1. Table as a vertical garden.
2. Table transformed into a swing.
3. Turn table into interactive art.
4. Create table-based escape room.",0,0.6000000000000001,1.5,1.0,turn table into interactive art.,turn table into interactive art.,ai_seed202
table,zero_limit,334,4,[],"1. Table as a vertical garden
2. Table turned into a swing
3. Table transformed into a bookshelf 
4. Table repurposed as an easel",0,0.6000000000000001,1.5,1.0,table repurposed as an easel,table repurposed as an easel,ai_seed203
table,zero_limit,879,4,[],"1. Table as a Vertical Garden
2. Table as a Ping Pong Board
3. Table as an Aquarium Stand
4. Table as a Puzzle Surface",0,0.6000000000000001,1.5,1.0,table as a vertical garden,table as a vertical garden,ai_seed204
table,zero_limit,661,4,[],"1. Table-turned-swing for backyard fun.
2. Hanging garden using tabletop planters.
3. Portable mini bar on wheels.
4. DIY ping pong table conversion.",0,0.6000000000000001,1.5,1.0,diy ping pong table conversion.,diy ping pong table conversion.,ai_seed205
table,zero_limit,323,4,[],"1. Table-turned-swing for backyard fun.
2. Convert table into a mini-bar.
3. Use as a canvas for art projects.
4. Make it an outdoor planter stand.",0,0.6000000000000001,1.5,1.0,convert table into a mini-bar.,convert table into a mini-bar.,ai_seed206
table,zero_limit,769,4,[],"1. Table turned into a garden
2. Table transformed into a swing
3. Table repurposed as a bookshelf 
4. Table converted into an art easel",0,0.6000000000000001,1.5,1.0,table repurposed as a bookshelf,table repurposed as a bookshelf,ai_seed207
table,zero_limit,45,4,[],"1. Table turned into a swing.
2. Table transformed into a garden.
3. Table repurposed as a bench.
4. Table converted to an aquarium stand.",0,0.6000000000000001,1.5,1.0,table converted to an aquarium stand.,table converted to an aquarium stand.,ai_seed208
table,zero_limit,507,4,[],"1. Table turned into a swing.
2. Table transformed into a garden bed.
3. Table used as an art canvas.
4. Table converted to a pet house.",0,0.6000000000000001,1.5,1.0,table converted to a pet house.,table converted to a pet house.,ai_seed209
table,zero_limit,62,4,[],"1. Table as a swing.
2. Table turned into a bench.
3. Table used for vertical gardening.
4. Table transformed into a seesaw.",0,0.6000000000000001,1.5,1.0,table transformed into a seesaw.,table transformed into a seesaw.,ai_seed210
table,zero_limit,314,4,[],"1. Tabletop Zen garden display.
2. Convert into a standing desk.
3. DIY indoor herb garden station.
4. Upcycle as a pet bed.",0,0.6000000000000001,1.5,1.0,tabletop zen garden display.,tabletop zen garden display.,ai_seed211
table,zero_limit,161,4,[],"1. Table-turned-swing for backyard fun.
2. Convert table to a mini-garden.
3. Use as a canvas for artwork.
4. Create an indoor sandbox table.",0,0.6000000000000001,1.5,1.0,table-turned-swing for backyard fun.,table-turned-swing for backyard fun.,ai_seed212
table,zero_limit,88,4,[],"1. Table turned into a swing.
2. Transform into a vertical garden.
3. Convert to a chalkboard surface.
4. Create an interactive light show.",0,0.6000000000000001,1.5,1.0,table turned into a swing.,table turned into a swing.,ai_seed213
table,zero_limit,828,4,[],"1. Table-turned-potting-station for green thumbs.
2. Convert table into a ping-pong arena.
3. Create an interactive coffee-table bookshelf.
4. Transform table into a mini-garden bed.",0,0.6000000000000001,1.5,1.0,create an interactive coffee-table bookshelf.,create an interactive coffee-table bookshelf.,ai_seed214
table,zero_limit,524,4,[],"1. Table as a vertical garden
2. Table transformed into a swing
3. Table turned into a chalkboard
4. Table used for indoor mini-golf",0,0.6000000000000001,1.5,1.0,table turned into a chalkboard,table turned into a chalkboard,ai_seed215
table,zero_limit,70,4,[],"1. Table-turned-swing for backyard fun.
2. Upside-down table as unique bookshelf.
3. Coffee table transformed into garden bed.
4. Antique table becomes stylish pet bed.",0,0.6000000000000001,1.5,1.0,table-turned-swing for backyard fun.,table-turned-swing for backyard fun.,ai_seed216
table,zero_limit,686,4,[],"1. Vertical garden table centerpiece.
2. Tabletop indoor fountain feature.
3. Interactive LED light show table.
4. Foldable ping-pong dining table combo.",0,0.6000000000000001,1.5,1.0,vertical garden table centerpiece.,vertical garden table centerpiece.,ai_seed217
table,zero_limit,835,4,[],"1. Vertical garden display stand.
2. Tabletop mini-golf course setup.
3. DIY light-up coffee table project.
4. Portable outdoor picnic game board.",0,0.6000000000000001,1.5,1.0,vertical garden display stand.,vertical garden display stand.,ai_seed218
table,zero_limit,589,4,[],"1. Table as a vertical garden.
2. Turn table into a bench.
3. Create an interactive coffee table.
4. Transform the table into art canvas.",0,0.6000000000000001,1.5,1.0,turn table into a bench.,turn table into a bench.,ai_seed219
table,zero_limit,854,4,[],"1. Table-turned-swing for backyard fun.
2. Upside-down table as a canopy bed frame.
3. Suspended table as unique chandelier fixture.
4. Table transformed into vertical garden display.",0,0.6000000000000001,1.5,1.0,suspended table as unique chandelier fixture.,suspended table as unique chandelier fixture.,ai_seed220
table,zero_limit,168,4,[],"1. Tabletop garden for herbs.
2. Turn it into a bookshelf.
3. Convert it to a ping-pong table.
4. Use as an art easel.",0,0.6000000000000001,1.5,1.0,tabletop garden for herbs.,tabletop garden for herbs.,ai_seed221
table,zero_limit,838,4,[],"1. Table as a vertical garden.
2. Table turned into an aquarium.
3. Table transformed into a swing.
4. Table used as a ping-pong table and dining table hybrid.",0,0.6000000000000001,1.5,1.0,table transformed into a swing.,table transformed into a swing.,ai_seed222
table,zero_limit,653,4,[],"1. Table-turned-swing for backyard fun.
2. Convert into a vertical garden.
3. Build a table fort hideaway.
4. Transform it into an easel.",0,0.6000000000000001,1.5,1.0,build a table fort hideaway.,build a table fort hideaway.,ai_seed223
table,zero_limit,879,4,[],"1. Table as a Vertical Garden
2. Table as a Ping Pong Board
3. Table as an Aquarium Stand
4. Table as a Puzzle Surface",0,0.6000000000000001,1.5,1.0,table as a puzzle surface,table as a puzzle surface,ai_seed224
table,zero_limit,358,4,[],"1. Table-turned-garden for small spaces.
2. Suspended table as unique decor.
3. Puzzle table with interchangeable pieces.
4. Convertible coffee-to-dining table solution.",0,0.6000000000000001,1.5,1.0,convertible coffee-to-dining table solution.,convertible coffee-to-dining table solution.,ai_seed225
table,zero_limit,750,4,[],"1. Table turned into a garden
2. Tabletop transformed into a mural
3. Coffee table converted to aquarium
4. Dining table re-purposed as workspace",0,0.6000000000000001,1.5,1.0,tabletop transformed into a mural,tabletop transformed into a mural,ai_seed226
table,zero_limit,565,4,[],"1. Table as a vertical garden
2. Table with built-in aquarium
3. Table transformed into a hammock
4. Table converted to a chalkboard",0,0.6000000000000001,1.5,1.0,table transformed into a hammock,table transformed into a hammock,ai_seed227
table,zero_limit,265,4,[],"1. Table turned into a swing.
2. Table transformed into an easel.
3. Table repurposed as a garden bed.
4. Table converted to a bookshelf.",0,0.6000000000000001,1.5,1.0,table transformed into an easel.,table transformed into an easel.,ai_seed228
table,zero_limit,880,4,[],"1. Vertical garden display table.
2. Interactive puzzle coffee table.
3. Foldable dining/picnic backpack table.
4. Tabletop mini-golf course design.",0,0.6000000000000001,1.5,1.0,tabletop mini-golf course design.,tabletop mini-golf course design.,ai_seed229
table,zero_limit,865,4,[],"1. Table turned into a bookshelf.
2. Convert table to a planter.
3. Make table into an easel.
4. Transform table into a chalkboard.",0,0.6000000000000001,1.5,1.0,make table into an easel.,make table into an easel.,ai_seed230
table,zero_limit,350,4,[],"1. Table turned into a swing.
2. Coffee table with built-in aquarium.
3. Dining table converted to ping-pong table.
4. Table transformed into vertical garden.",0,0.6000000000000001,1.5,1.0,dining table converted to ping-pong table.,dining table converted to ping-pong table.,ai_seed231
table,zero_limit,683,4,[],"1. Table as a vertical garden.
2. Table transformed into a swing.
3. Table turned into a chalkboard.
4. Table converted to an aquarium stand.",0,0.6000000000000001,1.5,1.0,table as a vertical garden.,table as a vertical garden.,ai_seed232
table,zero_limit,338,4,[],"1. Tabletop garden for herbs.
2. Convert into a chalkboard surface.
3. Transform into a mini bar.
4. Create an indoor sandbox table.",0,0.6000000000000001,1.5,1.0,tabletop garden for herbs.,tabletop garden for herbs.,ai_seed233
table,zero_limit,644,4,[],"1. Table-turned-swing for outdoor fun.
2. Convert into a vertical garden.
3. Transform into a mini-bar station.
4. Use as an oversized canvas.",0,0.6000000000000001,1.5,1.0,use as an oversized canvas.,use as an oversized canvas.,ai_seed234
table,zero_limit,583,4,[],"1. Vertical garden display stand.
2. Tabletop mini-golf course design.
3. Interactive light-up dance floor.
4. Portable outdoor movie projector screen.",0,0.6000000000000001,1.5,1.0,vertical garden display stand.,vertical garden display stand.,ai_seed235
table,zero_limit,8,4,[],"1. Table turned into a swing.
2. Table transformed into a seesaw.
3. Table used as an easel.
4. Table converted to a sandbox.",0,0.6000000000000001,1.5,1.0,table converted to a sandbox.,table converted to a sandbox.,ai_seed236
table,zero_limit,945,4,[],"1. ""Table Swing"" - Convert it into a swing for kids.
2. ""Table Garden"" - Create a mini garden on top of the table.
3. ""Table Artwork"" - Paint or draw directly onto the tabletop surface.
4. ""Table Maze"" - Build a maze using the legs of the table as walls and obstacles to navigate through.",0,0.6000000000000001,1.5,1.0,"""table swing"" - convert it into a swing for kids.",table swing - convert it into a swing for kids.,ai_seed237
table,zero_limit,673,4,[],"1. Table turned into a swing.
2. Table transformed into a bookshelf.
3. Table repurposed as an art easel.
4. Table converted to a mini garden bed.",0,0.6000000000000001,1.5,1.0,table converted to a mini garden bed.,table converted to a mini garden bed.,ai_seed238
table,zero_limit,494,4,[],"1. Table turned into a swing.
2. Table converted to a bookshelf.
3. Table transformed into a seesaw.
4. Table repurposed as an easel.",0,0.6000000000000001,1.5,1.0,table converted to a bookshelf.,table converted to a bookshelf.,ai_seed239
table,zero_limit,640,4,[],"1. Table-turned-swing for backyard fun.
2. Convert table into vertical garden.
3. Transform table into a cozy reading nook.
4. Use as canvas for art project.",0,0.6000000000000001,1.5,1.0,use as canvas for art project.,use as canvas for art project.,ai_seed240
table,zero_limit,999,4,[],"1. Table turned into swing set.
2. Desk transformed into mini bar.
3. Coffee table converted to planter.
4. Dining table repurposed as ping-pong surface.",0,0.6000000000000001,1.5,1.0,table turned into swing set.,table turned into swing set.,ai_seed241
table,zero_limit,641,4,[],"1. Table as a vertical garden.
2. Table turned into a swing.
3. Interactive tabletop projection display.
4. Convert table into an easel.",0,0.6000000000000001,1.5,1.0,convert table into an easel.,convert table into an easel.,ai_seed242
table,zero_limit,583,4,[],"1. Vertical garden display stand.
2. Tabletop mini-golf course design.
3. Interactive light-up dance floor.
4. Portable outdoor movie projector screen.",0,0.6000000000000001,1.5,1.0,interactive light-up dance floor.,interactive light-up dance floor.,ai_seed243
table,zero_limit,84,4,[],"1. Table turned into a swing.
2. Table transformed into a garden.
3. Table converted to a mini bar.
4. Table used as an easel.",0,0.6000000000000001,1.5,1.0,table turned into a swing.,table turned into a swing.,ai_seed244
table,zero_limit,785,4,[],"1. Table-turned-swing for backyard fun.
2. Convert table into vertical garden.
3. Transform table into interactive art display.
4. Use as a floating bookshelf.",0,0.6000000000000001,1.5,1.0,table-turned-swing for backyard fun.,table-turned-swing for backyard fun.,ai_seed245
table,zero_limit,485,4,[],"1. Table-turned-swing for backyard fun.
2. Table-top garden for indoor greenery.
3. Suspended table-shelf for space-saving storage.
4. Interactive light-up LED game table.",0,0.6000000000000001,1.5,1.0,table-turned-swing for backyard fun.,table-turned-swing for backyard fun.,ai_seed246
table,zero_limit,444,4,[],"1. Vertical garden display table.
2. Convertible workbench and dining table.
3. Tabletop mini-golf course creation station.
4. Interactive projection mapping coffee table.",0,0.6000000000000001,1.5,1.0,interactive projection mapping coffee table.,interactive projection mapping coffee table.,ai_seed247
table,zero_limit,704,4,[],"1. Table turned into a swing.
2. Table transformed into a garden bed.
3. Table converted to an aquarium.
4. Table repurposed as a seesaw.",0,0.6000000000000001,1.5,1.0,table turned into a swing.,table turned into a swing.,ai_seed248
table,zero_limit,962,4,[],"1. Table as a vertical garden.
2. Table turned into a swing.
3. Table with built-in aquarium.
4. Table transformed into a car track",0,0.6000000000000001,1.5,1.0,table transformed into a car track,table transformed into a car track,ai_seed249
