prompt,response,originality
box,box guitar for jamming out,2.7
box,pet bed made from box,1.5
box,miniature cardboard cityscape display,3.0
box,diy cardboard playhouse for kids,1.7
box,transform into a retro tv set costume for halloween or cosplay purposes,2.7
box,box as a mini garden,2.7
box,transform into a pet bed,1.8
box,use box to create diy furniture,2.0
box,create a cardboard race car,2.3
box,personalized gift wrapping station organizer,1.7
box,mini garden bed: fill box with soil,2.0
box,diy cardboard furniture set,2.0
box,box puppet theater for kids,2.7
box,personalized treasure chest storage,1.7
box,unique gift wrapping container,1.7
box,a makeshift sled for winter fun,1.3
box,memory keeper - create a keepsake memory box filled with items that represent special moments in life such as photos,2.0
box,box maze obstacle course game,2.7
box,cat castle: a multi-level cardboard fortress for your feline friend,2.7
box,turned into a miniature garden,2.7
box,secret hiding place for treasures,1.7
box,a box as a mini-garden,2.7
box,diy cat castle tower,2.7
box,mystery box - a box filled with random objects that can be used to inspire creativity or as a guessing game,2.7
box,use as a gift wrapping alternative,1.7
box,portable cardboard fort builder set,2.7
box,box car derby racer,2.7
box,diy cat castle or fort,2.0
box,boxed up memories - use the box to store sentimental items and mementos in a unique way,2.0
box,create a cat playhouse with boxes,1.7
box,box dj booth - make a makeshift dj booth with stacked and decorated boxes at your next party!,3.0
box,a cat's cozy new home,1.5
box,cat castle playhouse tower,1.7
box,secret hideaway for kids,1.7
box,diy cardboard furniture pieces,2.0
box,personal planetarium: cut out stars and create your own constellation box,3.0
box,portable puppet theater for kids,2.7
box,make a box cityscape display,2.7
box,turning boxes into shadow puppets,2.7
box,box as a mini garden,2.7
box,it can become a diy cardboard maze for kids,2.7
box,boxy pet bed - turn the box into a cozy bed for your furry friend by adding soft bedding inside,2.0
box,time capsule: preserve memories securely,2.7
box,portable mini-garden for herbs,3.0
box,transform into a mini-garden bed,2.7
box,diy cardboard furniture project,2.0
box,diy mini-garden planter box,2.7
box,cat castle hideout playpen,1.7
box,use boxes to create furniture,2.0
box,use the box for storage,1.0
box,cardboard castle for cats,2.7
box,a box can be a cozy cat bed,2.0
box,make a diy cardboard car,2.0
box,make a mini-garden box,2.0
box,build a miniature cityscape diorama,2.7
box,diy cardboard maze for cats,3.7
box,a solar oven for cooking,3.0
box,box as a diy lampshade,2.7
box,box turned into a camera obscura,4.0
box,turn into a pet house,1.5
box,make it a homemade mailbox,2.0
box,diy cat playhouse with boxes,1.7
box,box car derby racer,2.7
box,box fort with secret compartments,2.7
box,boxed garden: create a mini garden by filling the box with soil and planting small flowers or herbs,2.7
box,cat playhouse and scratcher,1.7
box,box car costume for halloween,2.0
box,create a custom cat condo,2.7
box,box car derby race toy,2.7
box,giant box robot sculpture display,2.7
box,cat castle play structure,2.7
box,portable pet house on-the-go,2.0
box,portable mini-garden: transform the box into a small garden by adding soil and plants,2.7
box,boxed garden bed: use it as the base for a raised garden in small spaces,3.5
box,an interactive photo booth prop,2.7
box,a diy cat bed cave,2.0
box,turn into a pinhole camera,3.0
box,box office for a miniature theater,3.0
box,retro boombox speaker system,2.7
box,use box as an art canvas,1.7
box,create a unique gift wrap,2.0
box,boxing ring for small pets,2.7
box,box planters for balcony garden,2.7
box,customizable shoe storage system,1.3
box,box car: transform the box into a child's car for imaginative play,2.0
box,box as a cat fort,1.7
box,diy cat castle playhouse,2.7
box,portable puppet theater stage,2.7
box,a cardboard gaming console case,2.0
box,create a box puppet theater,2.7
box,diy cardboard maze for pets,3.3
box,cut out and create art,1.7
box,box as a diy lampshade,2.7
box,diy cardboard playhouse for kids,1.7
box,a box turned into wall art,1.7
box,box maze game: create an intricate maze inside the box using cardboard pieces or straws,3.7
box,box maze for pet rats,3.3
box,diy mailbox for snail mail,1.7
box,transform into a miniature garden,2.7
box,box car derby racer,2.7
fork,miniature plant holder for succulents,3.5
fork,miniature easel for small art,4.0
fork,diy hair accessory for updos,4.0
fork,guitar pick for impromptu jam sessions,4.0
fork,use as a hair accessory comb,3.5
fork,diy hair accessory or comb,3.5
fork,fishing tool to catch small objects,3.0
fork,tiny fork sculpture art piece,3.5
fork,diy hair accessory holder stand,3.7
fork,use as a hair accessory,3.5
fork,create art with fork impressions,3.3
fork,fork as a hair accessory,3.5
fork,hair accessory to hold bun,3.5
fork,miniature plant holder for herbs,4.0
fork,musical instrument by plucking tines,4.0
fork,fork as a hair accessory,3.5
fork,decorative wall art sculpture,3.5
fork,create a fork sculpture art,3.3
fork,use forks to make art,3.3
fork,fishing tool for small streams,3.5
fork,diy hair curling tool alternative,4.0
fork,diy jewelry holder display stand,4.0
fork,fork as a hair accessory,3.5
fork,diy hair accessory holder stand,3.7
fork,use fork tines to comb,2.7
fork,outdoor cooking utensil for camping,2.5
fork,precision gardening tool for weeding,3.5
fork,decorative wall art when arranged creatively,3.5
fork,use as a hair accessory,3.5
fork,use as a miniature rake,3.0
fork,diy fork jewelry creation,3.5
fork,diy jewelry pendant or brooch,4.7
fork,paintbrush alternative for texture,3.7
fork,diy jewelry holder with corkboard,4.0
fork,musical instrument by plucking tines,4.0
fork,miniature garden tool for planting,3.5
fork,musical instrument by scraping tines,3.5
fork,miniature garden rake for succulents,3.5
fork,miniature garden tool for succulents,3.5
fork,diy hair accessory or comb,3.5
fork,diy knitting needle alternative,4.0
fork,fork tine jewelry pendant,4.0
fork,hair accessory to hold updos,3.5
fork,use as a hair accessory holder,4.0
fork,fork as a hair accessory,3.5
fork,hair accessory to hold updos,3.5
fork,create fork art on canvas,3.5
fork,decorative wall art when arranged creatively,3.5
fork,diy jewelry holder for earrings,4.0
fork,hair accessory holder on vanity,4.0
fork,use as a hair accessory,3.5
fork,diy fork jewelry pendant,4.0
fork,hair curling tool for curls,4.0
fork,instrument to play a tune,3.5
fork,turn fork into jewelry charm,3.0
fork,use as a makeshift lockpick,3.7
fork,dip in paint to create unique textured artwork on canvas or paper,4.0
fork,hair accessory to hold updos,3.5
fork,miniature pitchfork for garden fairies,3.5
fork,create a musical instrument by bending the tines and tapping them against a surface,4.0
fork,use forks as plant markers,3.5
fork,fashion into a miniature easel for art displays,4.0
fork,stand-in guitar pick in a pinch,4.0
fork,diy musical instrument with tines,4.0
fork,miniature pitchfork for cupcakes,2.5
fork,unique place card holder design,4.0
fork,mini plant holder for succulents,3.5
fork,use forks to make art prints,3.5
fork,diy jewelry prong,3.5
fork,paintbrush alternative for small details,3.5
fork,miniature garden rake for succulents,3.5
fork,unique hair accessory for updos,4.0
fork,make mini fork plant markers,4.0
fork,fishing tool for small fish,3.5
fork,use the tines of a fork to create textured designs on frosting for cakes or cupcakes,3.7
fork,unique wall art sculpture piece,3.5
fork,diy hair accessory holder stand,3.7
fork,hair accessory to hold updo,4.0
fork,comb for doll's hair,3.5
fork,hair accessory as a bun holder,3.7
fork,fashion a unique keychain charm,4.0
fork,hair accessory for updos,4.0
fork,hair accessory for updos,4.0
fork,unique bookmark for your bookshelf,4.0
fork,make a fork guitar pick,4.0
fork,use fork tines to comb fur,3.3
fork,sculpture material for mixed media art,3.5
fork,diy knitting needle alternative,4.0
fork,make tiny fork jewelry charms,3.5
fork,hair accessory to hold updo,4.0
fork,create a mini easel display,4.0
fork,mini gardening tool for succulents,3.5
fork,miniature garden rake for succulents,3.5
fork,fork as a hair accessory,3.5
fork,miniature gardening tool for succulents,3.5
fork,create a unique piece of jewelry,4.0
fork,diy cake decorating tool,3.3
fork,use as a hair accessory,3.5
fork,keychain decoration or charm,3.5
fork,unique hair accessory or comb,3.5
lightbulb,mini terrarium or greenhouse,3.9
lightbulb,lightbulb vase for small flowers,3.3
lightbulb,miniature terrarium inside bulb,3.9
lightbulb,miniature terrarium inside a bulb,3.9
lightbulb,hollowed-out lightbulb earrings or necklace pendant,3.3
lightbulb,unique pendant necklace charm,3.6
lightbulb,tiny planter: fill with soil,3.3
lightbulb,lightbulb vase for small flowers,3.3
lightbulb,lightbulb vase for small flowers,3.3
lightbulb,miniature terrarium,3.9
lightbulb,make a diy oil lamp,2.7
lightbulb,diy snow globe lightbulb decor,3.3
lightbulb,plant holder with built-in light,3.3
lightbulb,diy snow globe with bulb,3.9
lightbulb,mini terrarium inside the bulb,3.9
lightbulb,hanging lightbulb vase for flowers,3.6
lightbulb,mini terrarium inside lightbulb,3.9
lightbulb,hanging flower vase holder,3.6
lightbulb,decorative snow globe base,3.9
lightbulb,upcycled lightbulb planters for succulents,3.3
lightbulb,lightbulb bird feeder or bath,3.9
lightbulb,hanging lightbulb bird feeder,3.9
lightbulb,lightbulb bird feeder station,4.1
lightbulb,mini terrarium inside lightbulb,3.9
lightbulb,use as an oil diffuser,3.6
lightbulb,bulb-shaped birdhouse for garden,3.9
lightbulb,mini terrarium: create tiny indoor gardens,3.3
lightbulb,flower vase or terrarium container,3.9
lightbulb,painted lightbulbs as christmas ornaments,3.0
lightbulb,secret storage container: unscrew base to hide small items,3.0
lightbulb,bottle opener: lightbulb cap remover,3.9
lightbulb,miniature terrarium inside the bulb,3.9
lightbulb,lightbulb fish tank: turn the bulb into a small aquatic habitat,3.9
lightbulb,lightbulb fish tank decoration diy,3.3
lightbulb,fishbowl or terrarium container,3.9
lightbulb,diy fishing bobber or lure,3.3
lightbulb,glass blowing practice piece,3.3
lightbulb,lightbulb vase for small flowers,3.3
lightbulb,lightbulb planters for small succulents,3.3
lightbulb,lightbulb bird feeder or house,3.9
lightbulb,funky salt and pepper shakers,3.9
lightbulb,diy snow globe with lightbulb,3.9
lightbulb,christmas ornaments made from bulbs,3.6
lightbulb,lightbulb vase for single stem,3.3
lightbulb,unique oil lamp base,2.7
lightbulb,mini terrarium for succulents,3.9
lightbulb,whimsical hanging bird feeder,3.9
lightbulb,lightbulb art piece: string together several light bulbs in different sizes to make an eye-catching sculpture or chandelier-like installation,3.3
lightbulb,tiny terrarium inside lightbulb,3.9
lightbulb,fill with candy as gift,3.9
lightbulb,diy lightbulb terrarium garden,3.9
lightbulb,tiny terrarium inside bulb,3.9
lightbulb,lightbulb vase for small plants,3.3
lightbulb,upcycled lightbulb bird feeder,3.0
lightbulb,diy mini terrarium inside bulb,3.9
lightbulb,unique hanging plant holder,3.3
lightbulb,use hollowed-out bulbs as miniature terrariums,3.9
lightbulb,lightbulb oil lamps for camping,1.9
lightbulb,mini terrarium inside lightbulb,3.9
lightbulb,hanging lightbulb vase arrangement,3.6
lightbulb,painted as a colorful decoration,2.7
lightbulb,lightbulb vase: fill with water,3.3
lightbulb,lightbulb bird feeder dispenser,4.1
lightbulb,lightbulb vase for small flowers,3.3
lightbulb,diy oil lamp: use as a vessel for burning oil,2.7
lightbulb,lightbulb salt and pepper shakers,3.9
lightbulb,lightbulb oil lamp for emergencies,2.4
lightbulb,mini terrarium inside bulb,3.9
lightbulb,unique photo frame decoration,3.3
lightbulb,lightbulb-shaped birdhouse for garden,3.9
lightbulb,lightbulb bird feeder: hang outside,3.3
lightbulb,mini terrarium with a bulb,3.9
lightbulb,lightbulb bird feeder or house,3.9
lightbulb,lightbulb birdhouse for miniature birds,3.9
lightbulb,miniature greenhouse for seedlings,3.9
lightbulb,lightbulb vase for small flowers,3.3
lightbulb,lightbulb vase for small flowers,3.3
lightbulb,lightbulb vase for small flowers,3.3
lightbulb,lightbulb vase for small flowers,3.3
lightbulb,miniature terrarium inside lightbulb,3.9
lightbulb,diy oil lamp with wick,2.7
lightbulb,lightbulb vase for single flowers,3.3
lightbulb,create a unique christmas ornament,3.3
lightbulb,lightbulb vase centerpiece decoration,3.3
lightbulb,diy oil lamp centerpiece,2.7
lightbulb,make a pendant light fixture,2.7
lightbulb,lightbulb planter: grow small herbs indoors,3.3
lightbulb,lightbulb vase: hang upside-down,3.3
lightbulb,lightbulb fish tank: transform it into a tiny aquarium for aquatic pets,3.9
lightbulb,miniature terrarium inside lightbulb,3.9
lightbulb,miniature terrarium inside lightbulb,3.9
lightbulb,hanging bird feeder or bath,3.9
lightbulb,flower vase with lightbulb base,3.6
lightbulb,hollowed out as unique shot glass,3.9
lightbulb,diy snow globe: fill with glitter and water,3.9
lightbulb,lightbulb snow globe: fill with water,3.9
lightbulb,diy snow globe with lightbulb base,3.9
lightbulb,lightbulb terrarium centerpiece decoration,3.6
lightbulb,lightbulb vase for small flowers,3.3
lightbulb,tiny terrarium inside lightbulb,3.9
spoon,make a spoon handle bracelet,3.0
spoon,diy candle mold maker,3.6
spoon,spoon for removing eggshells,2.4
spoon,miniature gardening tool for succulents,3.3
spoon,create art with spoon stamping,3.3
spoon,spoon as a mini shovel,2.7
spoon,use spoon as a plant marker,3.6
spoon,spoon as a diy earrings,3.6
spoon,spoon for digging plant holes,2.4
spoon,create spoon plant markers,3.9
spoon,make spoon wind chimes,3.9
spoon,spoon as a plant marker,3.9
spoon,turn spoons into unique jewelry,3.3
spoon,emergency screwdriver substitute,3.6
spoon,spoon guitar pick substitute,3.9
spoon,diy guitar pick maker,3.9
spoon,spoon for diy candle making,3.6
spoon,spoon for hair curling tool,3.9
spoon,spoon for creative food plating,2.4
spoon,spoon candle holder: melt wax into bowl of spoon for diy candle holder,3.0
spoon,unique musical instrument accessory,3.0
spoon,spoon as a candle holder,3.6
spoon,spoon fishing lure,3.3
spoon,spoon to make tiny sculptures,3.3
spoon,spoon used as a doorstopper,2.7
spoon,spoon as a guitar pick,3.9
spoon,diy plant marker with engraved names,3.9
spoon,spoon as a plant marker,3.9
spoon,create musical instrument with spoon,3.0
spoon,spoon-based musical instrument,3.0
spoon,ice cream cone stabilizer stand,3.0
spoon,use spoon as plant marker,3.6
spoon,use spoon to plant seeds,3.3
spoon,spoon drumstick for impromptu jamming,2.7
spoon,use spoon as a bookmark,3.9
spoon,spoon to make mini sculptures,3.3
spoon,create spoon wind chimes outside,3.9
spoon,use as a bookmark substitute,3.9
spoon,use spoon to shape butter,2.4
spoon,spoon catapult for launching small objects,2.7
spoon,spoon as a plant marker,3.9
spoon,play musical spoons with friends,2.4
spoon,spoon as a guitar pick,3.9
spoon,miniature shovel for digging holes,2.7
spoon,create spoon puppets for storytelling,2.7
spoon,spoon for making homemade jewelry,3.3
spoon,miniature plant pot shovel,3.0
spoon,miniature shovel for gardening,3.0
spoon,spoon for making mini sculptures,3.3
spoon,spoon as a plant marker,3.9
spoon,spoon as a plant marker,3.9
spoon,spoon for carving intricate designs,3.3
spoon,spoon as a plant marker,3.9
spoon,spoon as a plant marker,3.9
spoon,spoon to make mini sculptures,3.3
spoon,spoon as a plant marker,3.9
spoon,diy spoon handle earrings,3.6
spoon,spoon to make music instrument,3.0
spoon,mini shovel for gardening,2.7
spoon,spoon as a hair accessory holder,3.3
spoon,spoon as a plant marker,3.9
spoon,spoon as a makeshift screwdriver,3.3
spoon,spoon as a mini shovel,2.7
spoon,spoon as a makeshift screwdriver,3.3
spoon,musical instrument with tapping sounds,3.0
spoon,diy stamping tool for crafts,3.0
spoon,spoon to make mini sculptures,3.3
spoon,spoon as a candle holder,3.6
spoon,spoon as a makeshift lockpick,3.3
spoon,spoon as a mini shovel,2.7
spoon,spoon as a plant marker,3.9
spoon,unique door handle replacement,3.9
spoon,make spoon puppets for kids,2.7
spoon,use spoon as a bookmark,3.9
spoon,phone stand: prop up device hands-free,3.0
spoon,spoon as a guitar pick,3.9
spoon,miniature shovel for gardening,3.0
spoon,spoon as a plant marker,3.9
spoon,use spoon to mix paint,2.4
spoon,use spoon to create art,2.7
spoon,spoon as an impromptu screwdriver,3.3
spoon,spoon as a makeshift lockpick,3.3
spoon,miniature shovel for ants,3.0
spoon,spoon catapult for launching small objects,2.7
spoon,spoon as an ice cream scoop alternative,2.4
spoon,miniature shovel for ants,3.0
spoon,make spoon jewelry or accessories,3.0
spoon,spoon catapult for launching small objects,2.7
spoon,spoon handle as door stopper,3.6
spoon,spoon microphone for singing karaoke,3.9
spoon,fashion a spoon into hooks,3.9
spoon,ice cream scoop substitute: scoop soft serve ice cream,2.1
spoon,spoon as a tiny shovel for gardening,2.7
spoon,diy cookie dough mixer,2.7
spoon,spoon as a mini shovel,2.7
spoon,spoon as a makeshift lockpick,3.3
spoon,spoon for carving bar soap,3.3
spoon,use spoon to create art,2.7
spoon,spoon as a musical instrument,2.4
spoon,musical instrument by tapping,2.4
table,table turned into a bookshelf,3.5
table,table converted to an aquarium,4.0
table,table as a vertical garden,3.5
table,table as a vertical garden,3.5
table,table as a ping pong board,3.5
table,hanging garden using tabletop planters,4.0
table,use as a canvas for art projects,3.0
table,table converted into an art easel,3.2
table,table transformed into a garden,3.5
table,table transformed into a garden bed,3.5
table,table transformed into a seesaw,3.7
table,upcycle as a pet bed,3.8
table,create an indoor sandbox table,3.8
table,transform into a vertical garden,3.5
table,table-turned-potting-station for green thumbs,3.5
table,table as a vertical garden,3.5
table,antique table becomes stylish pet bed,3.5
table,interactive led light show table,4.0
table,vertical garden display stand,3.5
table,transform the table into art canvas,3.0
table,upside-down table as a canopy bed frame,4.3
table,turn it into a bookshelf,3.5
table,table turned into an aquarium,4.0
table,transform it into an easel,3.0
table,table as a vertical garden,3.5
table,convertible coffee-to-dining table solution,2.8
table,dining table re-purposed as workspace,2.0
table,table as a vertical garden,3.5
table,table converted to a bookshelf,3.5
table,foldable dining/picnic backpack table,3.5
table,convert table to a planter,3.5
table,coffee table with built-in aquarium,4.0
table,table as a vertical garden,3.5
table,tabletop garden for herbs,3.5
table,transform into a mini-bar station,3.5
table,tabletop mini-golf course design,4.5
table,table turned into a swing,3.8
table,table garden - create a mini garden on top of the table,3.5
table,table turned into a swing,3.8
table,table repurposed as an easel,3.5
table,transform table into a cozy reading nook,3.5
table,desk transformed into mini bar,3.5
table,table turned into a swing,3.8
table,interactive light-up dance floor,4.0
table,table used as an easel,2.5
table,convert table into vertical garden,4.0
table,table-top garden for indoor greenery,3.5
table,interactive projection mapping coffee table,4.0
table,table repurposed as a seesaw,4.3
table,table turned into a swing,3.8
table,interactive projection mapping surface,3.5
table,vertical storage solution: attach hooks or pegs to the underside of the tabletop for hanging items like hats,3.7
table,turn table into a swing,3.5
table,table transformed into a swing,3.5
table,table-turned-herb garden display,3.5
table,tabletop greenhouse for herbs,3.5
table,vertical garden table: a table that doubles as a vertical garden,4.0
table,table used as an easel,2.5
table,transform table into ping-pong arena,3.5
table,portable ping pong table,2.8
table,table transformed into a swing,3.5
table,use as an art easel stand,3.0
table,interactive light-up dance floor,4.0
table,table converted to an easel,2.5
table,table-turned-chalkboard for messages,2.5
table,make a tabletop mosaic masterpiece!,3.7
table,tabletop transformed into wall art,3.5
table,table converted to a bookshelf,3.5
table,table turned into a garden,3.5
table,portable mini bar on wheels,3.5
table,table turned into a swing,3.8
table,upside down,3.2
table,convert the table into a ping pong arena,3.7
table,create a board game table,2.0
table,table transformed into a bookshelf,3.5
table,create an interactive coffee table-game board combo,3.5
table,convert into a pet bed,3.8
table,convertible desk to ping pong table,3.5
table,interactive projection mapping surface,3.5
table,portable workspace on-the-go,2.5
table,table repurposed as a bookshelf,4.0
table,table converted to an easel,2.5
table,table-tennis door: convert the table into a ping pong door that swings open and closed for added fun in any room!,4.5
table,table aquarium centerpiece display,3.5
table,portable ping pong table,2.8
table,use as desk on treadmill,3.8
table,convert into a mini bar,3.2
table,table as a mini-garden,3.5
table,turn it into a ping-pong table!,3.3
table,table turned into a garden,3.5
table,table-turned-swing for backyard fun,3.5
table,table tennis as a desk,2.5
table,convert into a standing desk,2.5
table,convertible table-to-bed design,3.5
table,create a vertical bookshelf display,3.5
table,table repurposed as a chalkboard surface,2.8
table,table repurposed as an art easel,3.2
table,create an indoor herb garden on the tabletop,3.5
table,folding table becomes ping-pong surface,2.5
table,diy ping pong table top,2.7
